de	Aalabyss
de	Abra
de	Absol
de	Adebom
de	Admurai
de	Aerodactyl
de	Aeropteryx
de	Affiti
de	Aggrostella
de	Agiluza
de	Agoyon
de	Akkup
de	Algitt
de	Alpollo
de	Altaria
de	Amagarga
de	Amarino
de	Ambidiffel
de	Amfira
de	Amigento
de	Amonitas
de	Amoroso
de	Ampharos
de	Amphizel
de	Anego
de	Anorith
de	Apoquallyp
de	Aquana
de	Aranestro
de	Araqua
de	Arbok
de	Arboretoss
de	Arceus
de	Ariados
de	Arkani
de	Arktilas
de	Arktip
de	Arktos
de	Armaldo
de	Austos
de	Axantor
de	Azugladis
de	Azumarill
de	Azurill
de	Backel
de	Bailonda
de	Baldorfish
de	Balgoras
de	Bamelin
de	Bandelby
de	Banette
de	Baojian
de	Barrakiefa
de	Barrikadax
de	Barschuft
de	Barschwa
de	Bauz
de	Beatori
de	Bellektro
de	Benesaru
de	Bibor
de	Bidifas
de	Bidiza
de	Bisaflor
de	Bisaknosp
de	Bisasam
de	Bisofank
de	Bissbark
de	Bithora
de	Blanas
de	Blipp
de	Blitza
de	Blubella
de	Bluzuk
de	Bojelin
de	Bollterus
de	Boninu
de	Boreos
de	Botogel
de	Branawarz
de	Briduradon
de	Brigaron
de	Brimano
de	Brimova
de	Britzigel
de	Brockoloss
de	Bronzel
de	Bronzong
de	Brutalanda
de	Brüllschweif
de	Bubungus
de	Bummelz
de	Burmadame
de	Burmy
de	Bähmon
de	Caesurio
de	Calamanero
de	Camaub
de	Camerupt
de	Castellith
de	Cavalanzas
de	Celebi
de	Cerapendra
de	Chaneira
de	Charmian
de	Chelast
de	Chelcarain
de	Chelterrar
de	Chevrumm
de	Chilingel
de	Chillabell
de	Chimpep
de	Chimstix
de	Chongjian
de	Choreogel
de	Clavion
de	Coiffwaff
de	Colossand
de	Corasonn
de	Coronospa
de	Cosmog
de	Cosmovum
de	Cottini
de	Cottomi
de	Cresselia
de	Crimanzo
de	Cryospino
de	Cupidos
de	Curelei
de	Dakuma
de	Damhirplex
de	Damythir
de	Darkrai
de	Dartignis
de	Dartiri
de	Dedenne
de	Delfinator
de	Demeteros
de	Deoxys
de	Deponitox
de	Despotar
de	Dialga
de	Diancie
de	Digda
de	Digdri
de	Dinglu
de	Ditto
de	Dodri
de	Dodu
de	Donarion
de	Donnersichel
de	Donphan
de	Dragonir
de	Dragoran
de	Drapfel
de	Draschel
de	Dratini
de	Dressella
de	Driftlon
de	Drifzepeli
de	Duflor
de	Dummimisel
de	Dummisel
de	Duodino
de	Duokles
de	Duraludon
de	Durengard
de	Dusselgurr
de	Echnatoll
de	Efoserp
de	Eguana
de	Eisenblatt
de	Eisenbündel
de	Eisendorn
de	Eisenfalter
de	Eisenfels
de	Eisenhals
de	Eisenhand
de	Eisenhaupt
de	Eisenkrieger
de	Eisenrad
de	Elekid
de	Elektek
de	Elevoltek
de	Elezard
de	Elezeba
de	Elfun
de	Emolga
de	Endivie
de	Endynalos
de	Eneco
de	Enekoro
de	Entei
de	Enton
de	Entoron
de	Epitaff
de	Espinodon
de	Evoli
de	Famieps
de	Farbeagle
de	Farigiraf
de	Fasasnob
de	Fatalitcha
de	Fatalitee
de	Feelinara
de	Felilou
de	Felino
de	Feliospa
de	Felori
de	Fennexis
de	Ferkokel
de	Ferkuli
de	Fermicula
de	Feurigel
de	Fiaro
de	Fiffyen
de	Finneon
de	Firnontor
de	Flabébé
de	Flamara
de	Flambirex
de	Flamiau
de	Flaminkno
de	Flampion
de	Flampivian
de	Flaniwal
de	Flapteryx
de	Flatterhaar
de	Flattutu
de	Flauschling
de	Flegmon
de	Fleknoil
de	Flemmli
de	Fletiamo
de	Floette
de	Floink
de	Florges
de	Fluffeluff
de	Flunkifer
de	Flunschlik
de	Flurmel
de	Folikon
de	Folipurba
de	Forgita
de	Formeo
de	Forstellka
de	Fragrunz
de	Friedwuff
de	Frigometri
de	Frizelbliz
de	Frosdedje
de	Frospino
de	Froxy
de	Frubaila
de	Frubberl
de	Fruyal
de	Fuegro
de	Fuentente
de	Fukano
de	Furienblitz
de	Furnifraß
de	Fynx
de	Galagladi
de	Galapaflos
de	Gallopa
de	Ganovil
de	Garados
de	Garstella
de	Gastrodon
de	Gaunux
de	Geckarbor
de	Gehweiher
de	Gelatini
de	Gelatroppo
de	Gelatwino
de	Genesect
de	Gengar
de	Georok
de	Geosali
de	Geowaz
de	Geradaks
de	Geronimatz
de	Gewaldro
de	Gierspenst
de	Giflor
de	Girafarig
de	Giratina
de	Gladiantri
de	Gladimperio
de	Glaziola
de	Glibunkel
de	Glumanda
de	Glurak
de	Glutexo
de	Golbat
de	Golbit
de	Goldini
de	Golgantes
de	Golking
de	Gorgasonn
de	Gortrom
de	Gramokles
de	Granbull
de	Grandiras
de	Granforgita
de	Grebbit
de	Griffel
de	Grillchita
de	Grillmak
de	Groink
de	Grolldra
de	Groudon
de	Gruff
de	Grypheldis
de	Guardevoir
de	Gufa
de	Habitak
de	Halupenjo
de	Hariyama
de	Haspiror
de	Heatran
de	Heerashai
de	Hefel
de	Heiteira
de	Hippopotas
de	Hippoterus
de	Ho-Oh
de	Hokumil
de	Honweisel
de	Hoopa
de	Hoothoot
de	Hopplo
de	Hoppspross
de	Hornliu
de	Horrerba
de	Hubelupf
de	Humanolith
de	Hundemon
de	Hunduster
de	Hutsassa
de	Hydragil
de	Hydrapfel
de	Hydropi
de	Hypno
de	Hypnomorba
de	Ibitak
de	Icognito
de	Igamaro
de	Igastarnish
de	Igelavar
de	Ignivor
de	Iksbat
de	Illumise
de	Imantis
de	Impergator
de	Impoleon
de	Infamomo
de	Infernopod
de	Intelleon
de	Irokex
de	Irrbis
de	Iscalar
de	Isso
de	Jirachi
de	Jiutesto
de	Jugong
de	Jungglut
de	Jurob
de	Kabuto
de	Kabutops
de	Kadabra
de	Kaguron
de	Kamalm
de	Kamehaps
de	Kangama
de	Kanivanha
de	Kaocto
de	Kapilz
de	Kapoera
de	Kappalores
de	Kapu-Fala
de	Kapu-Kime
de	Kapu-Riki
de	Kapu-Toro
de	Kapuno
de	Karadonis
de	Karippas
de	Karnimani
de	Karpador
de	Kastadur
de	Katagami
de	Katapuldra
de	Kaumalat
de	Kecleon
de	Keifel
de	Keilflamme
de	Keldeo
de	Keradar
de	Kickerlo
de	Kicklee
de	Kiesling
de	Kikugi
de	Kindwurm
de	Kingler
de	Kinoso
de	Kirlia
de	Kleinstein
de	Kleoparda
de	Kleptifux
de	Klibbe
de	Klikdiklak
de	Klikk
de	Kliklak
de	Klingplim
de	Klonkett
de	Klopptopus
de	Knacklion
de	Knakrack
de	Knapfel
de	Knarbon
de	Knarksel
de	Knattatox
de	Knattox
de	Knilz
de	Knirfish
de	Knofensa
de	Knogga
de	Knospi
de	Knuddeluff
de	Koalelu
de	Kobalium
de	Koknodon
de	Kokowei
de	Kokuna
de	Kolowal
de	Kommandutan
de	Kopplosio
de	Koraidon
de	Kosturso
de	Krabbox
de	Krabby
de	Krakeelo
de	Kramshef
de	Kramurx
de	Kranoviz
de	Krarmor
de	Krawalloro
de	Krawell
de	Krawumms
de	Krebscorps
de	Krebutack
de	Kriechflügel
de	Krokel
de	Kronjuwild
de	Kryppuk
de	Kubuin
de	Kukmarda
de	Kupfanti
de	Kussilla
de	Kwaks
de	Kyogre
de	Kyurem
de	Lahmus
de	Lamellux
de	Lampi
de	Lanturn
de	Lapras
de	Larvitar
de	Laschoking
de	Laternecto
de	Latias
de	Latios
de	Lauchzelot
de	Laukaps
de	Lavados
de	Lecryodon
de	Lectragon
de	Ledian
de	Ledyba
de	Legios
de	Lektrobal
de	Lepumentas
de	Letarking
de	Leufeo
de	Lextremo
de	Libelldra
de	Liberlo
de	Lichtel
de	Liebiskus
de	Liliep
de	Lilminip
de	Lin-Fu
de	Lithomith
de	Lohgock
de	Lokroko
de	Lombrero
de	Lorblatt
de	Loturzel
de	Lucario
de	Lugia
de	Lumiflora
de	Lumineon
de	Lumispross
de	Lunala
de	Lunastein
de	Lusardin
de	Luxio
de	Luxtra
de	Mabula
de	Machollo
de	Machomei
de	Magbrant
de	Magby
de	Magcargo
de	Magearna
de	Magmar
de	Magnayen
de	Magnetilo
de	Magneton
de	Magnezone
de	Makabaja
de	Makuhita
de	Mamolida
de	Mampfaxo
de	Mamutel
de	Manaphy
de	Mangunior
de	Manguspektor
de	Mantax
de	Mantidea
de	Mantirps
de	Maracamba
de	Marikeck
de	Marill
de	Maritellit
de	Marshadow
de	Maschock
de	Maskagato
de	Maskeregen
de	Masskito
de	Mastifioso
de	Matrifol
de	Mauzi
de	Mauzinger
de	Maxax
de	Mebrana
de	Mediras
de	Meditalis
de	Meditie
de	Megalon
de	Meganie
de	Meikro
de	Meistagrif
de	Melmetal
de	Meloetta
de	Meltan
de	Memmeon
de	Menki
de	Metagross
de	Metang
de	Meteno
de	Mew
de	Mewtu
de	Micrick
de	Miezunder
de	Milotic
de	Miltank
de	Milza
de	Mimigma
de	Miniras
de	Minun
de	Miraidon
de	Mitodos
de	Mobai
de	Mobtiff
de	Mogelbaum
de	Mollimorba
de	Molunk
de	Monargoras
de	Monetigo
de	Monozyto
de	Montecarbo
de	Moorabbel
de	Mopex
de	Morbitesse
de	Morlord
de	Morpeko
de	Mortcha
de	Mortipot
de	Moruda
de	Moterpel
de	Mottineva
de	Muntier
de	Muramura
de	Muschas
de	Myrapla
de	Myriador
de	Mähikel
de	Nachtara
de	Nagelotz
de	Nasgnet
de	Natu
de	Navitaub
de	Nebulak
de	Necrozma
de	Nidoking
de	Nidoqueen
de	Nidoran♀
de	Nidoran♂
de	Nidorina
de	Nidorino
de	Nigiragi
de	Nincada
de	Ninjask
de	Ninjatom
de	Nockchan
de	Noctuh
de	Noktuska
de	Normifin
de	Octillery
de	Ogerpon
de	Oghnatoll
de	Ohrdoch
de	Olangaar
de	Olini
de	Olithena
de	Olivinio
de	Omot
de	Onix
de	Ottaro
de	Owei
de	Pachirisu
de	Palimpalim
de	Palkia
de	Pam-Pam
de	Pamamo
de	Pamo
de	Pamomamo
de	Pampross
de	Pampuli
de	Pandagro
de	Pandir
de	Panekon
de	Panferno
de	Panflam
de	Panpyro
de	Pantifrost
de	Pantimimi
de	Pantimos
de	Panzaeron
de	Papinella
de	Papungha
de	Paragoni
de	Paras
de	Parasek
de	Parfi
de	Parfinesse
de	Patinaraja
de	Pelipper
de	Pelzebub
de	Peppeck
de	Perlu
de	Pescragon
de	Pescryodon
de	Petznief
de	Phandra
de	Phanpy
de	Phantoross
de	Phione
de	Phlegleon
de	Piccolente
de	Pichu
de	Picochilla
de	Piepi
de	Pii
de	Pikachu
de	Pikuda
de	Pinsir
de	Piondragi
de	Pionskora
de	Pixi
de	Plaudagei
de	Plinfa
de	Pliprin
de	Plusle
de	Pokusan
de	Polaross
de	Ponita
de	Porenta
de	Porygon
de	Porygon-Z
de	Porygon2
de	Pottrott
de	Praktibalk
de	Primarene
de	Psiana
de	Psiau
de	Psiaugon
de	Psiopatra
de	Pudox
de	Pummeluff
de	Pumpdjinn
de	Pupitar
de	Puponcho
de	Puppance
de	Purmel
de	Pygraulon
de	Pyroleo
de	Quabbel
de	Quajutsu
de	Quappo
de	Quapsel
de	Quaputzi
de	Quartermak
de	Quaxo
de	Quiekel
de	Qurtel
de	Rabauz
de	Rabigator
de	Raffel
de	Raichu
de	Raikou
de	Rameidon
de	Ramoth
de	Rasaff
de	Rattfratz
de	Rattikarl
de	Raupy
de	Rayquaza
de	Regice
de	Regidrago
de	Regieleki
de	Regigigas
de	Regirock
de	Registeel
de	Reißlaus
de	Relaxo
de	Relicanth
de	Relluk
de	Remoraid
de	Reptain
de	Reshiram
de	Resladero
de	Rettan
de	Rexblisar
de	Riesenzahn
de	Riffex
de	Rihorn
de	Rihornior
de	Riolu
de	Rizeros
de	Robball
de	Rocara
de	Rokkaiman
de	Rollum
de	Roselia
de	Roserade
de	Rossana
de	Rotom
de	Rotomurf
de	Rutena
de	Sabbaione
de	Safcon
de	Saganabyss
de	Salanga
de	Salmagnis
de	Saltigant
de	Samurzel
de	Sanaconda
de	Sandamer
de	Sandan
de	Sandfell
de	Sankabuh
de	Sarzenia
de	Scampisto
de	Schabelle
de	Schalellos
de	Schallquap
de	Schaloko
de	Scherox
de	Schiggy
de	Schillok
de	Schilterus
de	Schlapfel
de	Schlapor
de	Schlaraffel
de	Schligda
de	Schligdri
de	Schlingking
de	Schlukwech
de	Schluppuck
de	Schlurm
de	Schlurp
de	Schlurplek
de	Schmerbe
de	Schneckmag
de	Schneppke
de	Schnuthelm
de	Schwalbini
de	Schwalboss
de	Scoppel
de	Sedimantur
de	Sedisal
de	Seedraking
de	Seejong
de	Seemon
de	Seemops
de	Seeper
de	Selfe
de	Sen-Long
de	Sengo
de	Sensect
de	Serpifeu
de	Serpiroyal
de	Servol
de	Sesokitz
de	Shardrago
de	Sharfax
de	Shaymin
de	Sheinux
de	Shnebedeck
de	Shnurgarst
de	Shuppet
de	Siberio
de	Sichlor
de	Silembrim
de	Silvarro
de	Simsala
de	Sirapfel
de	Skallyk
de	Skarabaks
de	Skaraborn
de	Skelabra
de	Skelokrok
de	Skorgla
de	Skorgro
de	Skunkapuh
de	Skuntank
de	Sleima
de	Sleimok
de	Smettbo
de	Smogmog
de	Smogon
de	Snibunna
de	Sniebel
de	Snieboss
de	Snobilikat
de	Snomnom
de	Snubbull
de	Sodachita
de	Sodamak
de	Solgaleo
de	Somniam
de	Somnivora
de	Sonnfel
de	Sonnflora
de	Sonnkern
de	Spinsidias
de	Spoink
de	Sproxi
de	Stahlos
de	Stalobor
de	Staralili
de	Staraptor
de	Staravia
de	Starmie
de	Sterndu
de	Stolloss
de	Stollrak
de	Stollunior
de	Strawickl
de	Strepoli
de	Suelord
de	Suicune
de	Sumpex
de	Swaroness
de	Symvolara
de	Tafforgita
de	Tandrak
de	Tangela
de	Tangoloss
de	Tanhel
de	Tannza
de	Tarnpignon
de	Tarundel
de	Tauboga
de	Tauboss
de	Taubsi
de	Tauros
de	Tectass
de	Teddiursa
de	Tengulist
de	Tentacha
de	Tentagra
de	Tentantel
de	Tenterra
de	Tentoxa
de	Terapagos
de	Terrakium
de	Terribark
de	Thanathora
de	Thermopod
de	Tobutz
de	Togedemaru
de	Togekiss
de	Togepi
de	Togetic
de	Tohaido
de	Tornupto
de	Tortunator
de	Toxel
de	Toxiped
de	Toxiquak
de	Tragosso
de	Trasla
de	Traumato
de	Traunfugil
de	Traunmagil
de	Trikephalo
de	Trombork
de	Trompeck
de	Tropius
de	Tukanon
de	Turtok
de	Tuska
de	Typ:Null
de	Tyracroc
de	UHaFnir
de	Ultrigaria
de	Unratütox
de	Urgl
de	Ursaluna
de	Ursaring
de	Vegichita
de	Vegimak
de	Velursi
de	Venicro
de	Venuflibis
de	Vesprit
de	Vibrava
de	Victini
de	Vipitis
de	Viridium
de	Viscargot
de	Viscogon
de	Viscora
de	Vivillon
de	Volbeat
de	Volcanion
de	Voldi
de	Voltenso
de	Voltilamm
de	Voltobal
de	Voltolos
de	Voltrean
de	Voltrel
de	Voltriant
de	Voltula
de	Voluminas
de	Vulnona
de	Vulpix
de	Waaty
de	Wablu
de	Wadribie
de	Wagong
de	Wailmer
de	Wailord
de	Walraisa
de	Wampitz
de	Washakwil
de	Wattzapf
de	Waumboll
de	Waumpel
de	Webarak
de	Weherba
de	Welsar
de	Wie-Shu
de	Wielie
de	Wiesenior
de	Wiesor
de	Windewoge
de	Wingull
de	Woingenau
de	Wolly
de	Wolwerock
de	Wommel
de	Wonneira
de	Wuffels
de	Wulaosu
de	Wummer
de	Wutpilz
de	Xatu
de	Xerneas
de	Yanma
de	Yanmega
de	Yorkleff
de	Yuyu
de	Yveltal
de	Zacian
de	Zamazenta
de	Zapdos
de	Zapplalek
de	Zapplarang
de	Zapplardin
de	Zarude
de	Zebritz
de	Zekrom
de	Zeraora
de	Zigzachs
de	Zirpeise
de	Zirpurze
de	Zobiris
de	Zoroark
de	Zorua
de	Zubat
de	Zurrokex
de	Zwieps
de	Zwirrfinst
de	Zwirrklop
de	Zwirrlicht
de	Zwollock
de	Zwottronin
de	Zygarde
de	Zytomega
de	eF-eM
en	Abomasnow
en	Abra
en	Absol
en	Accelgor
en	Aegislash
en	Aerodactyl
en	Aggron
en	Aipom
en	Alakazam
en	Alcremie
en	Alomomola
en	Altaria
en	Amaura
en	Ambipom
en	Amoonguss
en	Ampharos
en	Annihilape
en	Anorith
en	Appletun
en	Applin
en	Araquanid
en	Arbok
en	Arboliva
en	Arcanine
en	Arceus
en	Archaludon
en	Archen
en	Archeops
en	Arctibax
en	Arctovish
en	Arctozolt
en	Ariados
en	Armaldo
en	Armarouge
en	Aromatisse
en	Aron
en	Arrokuda
en	Articuno
en	Audino
en	Aurorus
en	Avalugg
en	Axew
en	Azelf
en	Azumarill
en	Azurill
en	Bagon
en	Baltoy
en	Banette
en	Barbaracle
en	Barboach
en	Barraskewda
en	Basculegion
en	Basculin
en	Bastiodon
en	Baxcalibur
en	Bayleef
en	Beartic
en	Beautifly
en	Beedrill
en	Beheeyem
en	Beldum
en	Bellibolt
en	Bellossom
en	Bellsprout
en	Bergmite
en	Bewear
en	Bibarel
en	Bidoof
en	Binacle
en	Bisharp
en	Blacephalon
en	Blastoise
en	Blaziken
en	Blipbug
en	Blissey
en	Blitzle
en	Boldore
en	Boltund
en	Bombirdier
en	Bonsly
en	Bouffalant
en	Bounsweet
en	Braixen
en	Brambleghast
en	Bramblin
en	Braviary
en	Breloom
en	Brionne
en	Bronzong
en	Bronzor
en	Brute Bonnet
en	Bruxish
en	Budew
en	Buizel
en	Bulbasaur
en	Buneary
en	Bunnelby
en	Burmy
en	Butterfree
en	Buzzwole
en	Cacnea
en	Cacturne
en	Calyrex
en	Camerupt
en	Capsakid
en	Carbink
en	Carkol
en	Carnivine
en	Carracosta
en	Carvanha
en	Cascoon
en	Castform
en	Caterpie
en	Celebi
en	Celesteela
en	Centiskorch
en	Ceruledge
en	Cetitan
en	Cetoddle
en	Chandelure
en	Chansey
en	Charcadet
en	Charizard
en	Charjabug
en	Charmander
en	Charmeleon
en	Chatot
en	Cherrim
en	Cherubi
en	Chesnaught
en	Chespin
en	Chewtle
en	Chi-Yu
en	Chien-Pao
en	Chikorita
en	Chimchar
en	Chimecho
en	Chinchou
en	Chingling
en	Cinccino
en	Cinderace
en	Clamperl
en	Clauncher
en	Clawitzer
en	Claydol
en	Clefable
en	Clefairy
en	Cleffa
en	Clobbopus
en	Clodsire
en	Cloyster
en	Coalossal
en	Cobalion
en	Cofagrigus
en	Combee
en	Combusken
en	Comfey
en	Conkeldurr
en	Copperajah
en	Corphish
en	Corsola
en	Corviknight
en	Corvisquire
en	Cosmoem
en	Cosmog
en	Cottonee
en	Crabominable
en	Crabrawler
en	Cradily
en	Cramorant
en	Cranidos
en	Crawdaunt
en	Cresselia
en	Croagunk
en	Crobat
en	Crocalor
en	Croconaw
en	Crustle
en	Cryogonal
en	Cubchoo
en	Cubone
en	Cufant
en	Cursola
en	Cutiefly
en	Cyclizar
en	Cyndaquil
en	Dachsbun
en	Darkrai
en	Darmanitan
en	Dartrix
en	Darumaka
en	Decidueye
en	Dedenne
en	Deerling
en	Deino
en	Delcatty
en	Delibird
en	Delphox
en	Deoxys
en	Dewgong
en	Dewott
en	Dewpider
en	Dhelmise
en	Dialga
en	Diancie
en	Diggersby
en	Diglett
en	Dipplin
en	Ditto
en	Dodrio
en	Doduo
en	Dolliv
en	Dondozo
en	Donphan
en	Dottler
en	Doublade
en	Dracovish
en	Dracozolt
en	Dragalge
en	Dragapult
en	Dragonair
en	Dragonite
en	Drakloak
en	Drampa
en	Drapion
en	Dratini
en	Drednaw
en	Dreepy
en	Drifblim
en	Drifloon
en	Drilbur
en	Drizzile
en	Drowzee
en	Druddigon
en	Dubwool
en	Ducklett
en	Dudunsparce
en	Dugtrio
en	Dunsparce
en	Duosion
en	Duraludon
en	Durant
en	Dusclops
en	Dusknoir
en	Duskull
en	Dustox
en	Dwebble
en	Eelektrik
en	Eelektross
en	Eevee
en	Eiscue
en	Ekans
en	Eldegoss
en	Electabuzz
en	Electivire
en	Electrike
en	Electrode
en	Elekid
en	Elgyem
en	Emboar
en	Emolga
en	Empoleon
en	Enamorus
en	Entei
en	Escavalier
en	Espathra
en	Espeon
en	Espurr
en	Eternatus
en	Excadrill
en	Exeggcute
en	Exeggutor
en	Exploud
en	Falinks
en	Farfetch’d
en	Farigiraf
en	Fearow
en	Feebas
en	Fennekin
en	Feraligatr
en	Ferroseed
en	Ferrothorn
en	Fezandipiti
en	Fidough
en	Finizen
en	Finneon
en	Flaaffy
en	Flabébé
en	Flamigo
en	Flapple
en	Flareon
en	Fletchinder
en	Fletchling
en	Flittle
en	Floatzel
en	Floette
en	Floragato
en	Florges
en	Flutter Mane
en	Flygon
en	Fomantis
en	Foongus
en	Forretress
en	Fraxure
en	Frigibax
en	Frillish
en	Froakie
en	Frogadier
en	Froslass
en	Frosmoth
en	Fuecoco
en	Furfrou
en	Furret
en	Gabite
en	Gallade
en	Galvantula
en	Garbodor
en	Garchomp
en	Gardevoir
en	Garganacl
en	Gastly
en	Gastrodon
en	Genesect
en	Gengar
en	Geodude
en	Gholdengo
en	Gible
en	Gigalith
en	Gimmighoul
en	Girafarig
en	Giratina
en	Glaceon
en	Glalie
en	Glameow
en	Glastrier
en	Gligar
en	Glimmet
en	Glimmora
en	Gliscor
en	Gloom
en	Gogoat
en	Golbat
en	Goldeen
en	Golduck
en	Golem
en	Golett
en	Golisopod
en	Golurk
en	Goodra
en	Goomy
en	Gorebyss
en	Gossifleur
en	Gothita
en	Gothitelle
en	Gothorita
en	Gouging Fire
en	Gourgeist
en	Grafaiai
en	Granbull
en	Grapploct
en	Graveler
en	Great Tusk
en	Greavard
en	Greedent
en	Greninja
en	Grimer
en	Grimmsnarl
en	Grookey
en	Grotle
en	Groudon
en	Grovyle
en	Growlithe
en	Grubbin
en	Grumpig
en	Gulpin
en	Gumshoos
en	Gurdurr
en	Guzzlord
en	Gyarados
en	Hakamo-o
en	Happiny
en	Hariyama
en	Hatenna
en	Hatterene
en	Hattrem
en	Haunter
en	Hawlucha
en	Haxorus
en	Heatmor
en	Heatran
en	Heliolisk
en	Helioptile
en	Heracross
en	Herdier
en	Hippopotas
en	Hippowdon
en	Hitmonchan
en	Hitmonlee
en	Hitmontop
en	Ho-Oh
en	Honchkrow
en	Honedge
en	Hoopa
en	Hoothoot
en	Hoppip
en	Horsea
en	Houndoom
en	Houndour
en	Houndstone
en	Huntail
en	Hydrapple
en	Hydreigon
en	Hypno
en	Igglybuff
en	Illumise
en	Impidimp
en	Incineroar
en	Indeedee
en	Infernape
en	Inkay
en	Inteleon
en	Iron Boulder
en	Iron Bundle
en	Iron Crown
en	Iron Hands
en	Iron Jugulis
en	Iron Leaves
en	Iron Moth
en	Iron Thorns
en	Iron Treads
en	Iron Valiant
en	Ivysaur
en	Jangmo-o
en	Jellicent
en	Jigglypuff
en	Jirachi
en	Jolteon
en	Joltik
en	Jumpluff
en	Jynx
en	Kabuto
en	Kabutops
en	Kadabra
en	Kakuna
en	Kangaskhan
en	Karrablast
en	Kartana
en	Kecleon
en	Keldeo
en	Kilowattrel
en	Kingambit
en	Kingdra
en	Kingler
en	Kirlia
en	Klang
en	Klawf
en	Kleavor
en	Klefki
en	Klink
en	Klinklang
en	Koffing
en	Komala
en	Kommo-o
en	Koraidon
en	Krabby
en	Kricketot
en	Kricketune
en	Krokorok
en	Krookodile
en	Kubfu
en	Kyogre
en	Kyurem
en	Lairon
en	Lampent
en	Landorus
en	Lanturn
en	Lapras
en	Larvesta
en	Larvitar
en	Latias
en	Latios
en	Leafeon
en	Leavanny
en	Lechonk
en	Ledian
en	Ledyba
en	Lickilicky
en	Lickitung
en	Liepard
en	Lileep
en	Lilligant
en	Lillipup
en	Linoone
en	Litleo
en	Litten
en	Litwick
en	Lokix
en	Lombre
en	Lopunny
en	Lotad
en	Loudred
en	Lucario
en	Ludicolo
en	Lugia
en	Lumineon
en	Lunala
en	Lunatone
en	Lurantis
en	Luvdisc
en	Luxio
en	Luxray
en	Lycanroc
en	Mabosstiff
en	Machamp
en	Machoke
en	Machop
en	Magby
en	Magcargo
en	Magearna
en	Magikarp
en	Magmar
en	Magmortar
en	Magnemite
en	Magneton
en	Magnezone
en	Makuhita
en	Malamar
en	Mamoswine
en	Manaphy
en	Mandibuzz
en	Manectric
en	Mankey
en	Mantine
en	Mantyke
en	Maractus
en	Mareanie
en	Mareep
en	Marill
en	Marowak
en	Marshadow
en	Marshtomp
en	Maschiff
en	Masquerain
en	Maushold
en	Mawile
en	Medicham
en	Meditite
en	Meganium
en	Melmetal
en	Meloetta
en	Meltan
en	Meowscarada
en	Meowstic
en	Meowth
en	Mesprit
en	Metagross
en	Metang
en	Metapod
en	Mew
en	Mewtwo
en	Mienfoo
en	Mienshao
en	Mightyena
en	Milcery
en	Milotic
en	Miltank
en	Mime Jr.
en	Mimikyu
en	Minccino
en	Minior
en	Minun
en	Miraidon
en	Misdreavus
en	Mismagius
en	Moltres
en	Monferno
en	Morelull
en	Morgrem
en	Morpeko
en	Mothim
en	Mr. Mime
en	Mr. Rime
en	Mudbray
en	Mudkip
en	Mudsdale
en	Muk
en	Munchlax
en	Munkidori
en	Munna
en	Murkrow
en	Musharna
en	Nacli
en	Naclstack
en	Naganadel
en	Natu
en	Necrozma
en	Nickit
en	Nidoking
en	Nidoqueen
en	Nidoran♀
en	Nidoran♂
en	Nidorina
en	Nidorino
en	Nihilego
en	Nincada
en	Ninetales
en	Ninjask
en	Noctowl
en	Noibat
en	Noivern
en	Nosepass
en	Numel
en	Nuzleaf
en	Nymble
en	Obstagoon
en	Octillery
en	Oddish
en	Ogerpon
en	Oinkologne
en	Okidogi
en	Omanyte
en	Omastar
en	Onix
en	Oranguru
en	Orbeetle
en	Oricorio
en	Orthworm
en	Oshawott
en	Overqwil
en	Pachirisu
en	Palafin
en	Palkia
en	Palossand
en	Palpitoad
en	Pancham
en	Pangoro
en	Panpour
en	Pansage
en	Pansear
en	Paras
en	Parasect
en	Passimian
en	Patrat
en	Pawmi
en	Pawmo
en	Pawmot
en	Pawniard
en	Pecharunt
en	Pelipper
en	Perrserker
en	Persian
en	Petilil
en	Phanpy
en	Phantump
en	Pheromosa
en	Phione
en	Pichu
en	Pidgeot
en	Pidgeotto
en	Pidgey
en	Pidove
en	Pignite
en	Pikachu
en	Pikipek
en	Piloswine
en	Pincurchin
en	Pineco
en	Pinsir
en	Piplup
en	Plusle
en	Poipole
en	Politoed
en	Poliwag
en	Poliwhirl
en	Poliwrath
en	Poltchageist
en	Polteageist
en	Ponyta
en	Poochyena
en	Popplio
en	Porygon
en	Porygon-Z
en	Porygon2
en	Primarina
en	Primeape
en	Prinplup
en	Probopass
en	Psyduck
en	Pumpkaboo
en	Pupitar
en	Purrloin
en	Purugly
en	Pyroar
en	Pyukumuku
en	Quagsire
en	Quaquaval
en	Quaxly
en	Quaxwell
en	Quilava
en	Quilladin
en	Qwilfish
en	Raboot
en	Rabsca
en	Raging Bolt
en	Raichu
en	Raikou
en	Ralts
en	Rampardos
en	Rapidash
en	Raticate
en	Rattata
en	Rayquaza
en	Regice
en	Regidrago
en	Regieleki
en	Regigigas
en	Regirock
en	Registeel
en	Relicanth
en	Rellor
en	Remoraid
en	Reshiram
en	Reuniclus
en	Revavroom
en	Rhydon
en	Rhyhorn
en	Rhyperior
en	Ribombee
en	Rillaboom
en	Riolu
en	Roaring Moon
en	Rockruff
en	Roggenrola
en	Rolycoly
en	Rookidee
en	Roselia
en	Roserade
en	Rotom
en	Rowlet
en	Rufflet
en	Runerigus
en	Sableye
en	Salamence
en	Salandit
en	Salazzle
en	Samurott
en	Sandaconda
en	Sandile
en	Sandshrew
en	Sandslash
en	Sandy Shocks
en	Sandygast
en	Sawk
en	Sawsbuck
en	Scatterbug
en	Sceptile
en	Scizor
en	Scolipede
en	Scorbunny
en	Scovillain
en	Scrafty
en	Scraggy
en	Scream Tail
en	Scyther
en	Seadra
en	Seaking
en	Sealeo
en	Seedot
en	Seel
en	Seismitoad
en	Sentret
en	Serperior
en	Servine
en	Seviper
en	Sewaddle
en	Sharpedo
en	Shaymin
en	Shedinja
en	Shelgon
en	Shellder
en	Shellos
en	Shelmet
en	Shieldon
en	Shiftry
en	Shiinotic
en	Shinx
en	Shroodle
en	Shroomish
en	Shuckle
en	Shuppet
en	Sigilyph
en	Silcoon
en	Silicobra
en	Silvally
en	Simipour
en	Simisage
en	Simisear
en	Sinistcha
en	Sinistea
en	Sirfetch’d
en	Sizzlipede
en	Skarmory
en	Skeledirge
en	Skiddo
en	Skiploom
en	Skitty
en	Skorupi
en	Skrelp
en	Skuntank
en	Skwovet
en	Slaking
en	Slakoth
en	Sliggoo
en	Slither Wing
en	Slowbro
en	Slowking
en	Slowpoke
en	Slugma
en	Slurpuff
en	Smeargle
en	Smoliv
en	Smoochum
en	Sneasel
en	Sneasler
en	Snivy
en	Snom
en	Snorlax
en	Snorunt
en	Snover
en	Snubbull
en	Sobble
en	Solgaleo
en	Solosis
en	Solrock
en	Spearow
en	Spectrier
en	Spewpa
en	Spheal
en	Spidops
en	Spinarak
en	Spinda
en	Spiritomb
en	Spoink
en	Sprigatito
en	Spritzee
en	Squawkabilly
en	Squirtle
en	Stakataka
en	Stantler
en	Staraptor
en	Staravia
en	Starly
en	Starmie
en	Staryu
en	Steelix
en	Steenee
en	Stonjourner
en	Stoutland
en	Stufful
en	Stunfisk
en	Stunky
en	Sudowoodo
en	Suicune
en	Sunflora
en	Sunkern
en	Surskit
en	Swablu
en	Swadloon
en	Swalot
en	Swampert
en	Swanna
en	Swellow
en	Swinub
en	Swirlix
en	Swoobat
en	Sylveon
en	Tadbulb
en	Taillow
en	Talonflame
en	Tandemaus
en	Tangela
en	Tangrowth
en	Tapu Bulu
en	Tapu Fini
en	Tapu Koko
en	Tapu Lele
en	Tarountula
en	Tatsugiri
en	Tauros
en	Teddiursa
en	Tentacool
en	Tentacruel
en	Tepig
en	Terapagos
en	Terrakion
en	Thievul
en	Throh
en	Thundurus
en	Thwackey
en	Timburr
en	Ting-Lu
en	Tinkatink
en	Tinkaton
en	Tinkatuff
en	Tirtouga
en	Toedscool
en	Toedscruel
en	Togedemaru
en	Togekiss
en	Togepi
en	Togetic
en	Torchic
en	Torkoal
en	Tornadus
en	Torracat
en	Torterra
en	Totodile
en	Toucannon
en	Toxapex
en	Toxel
en	Toxicroak
en	Toxtricity
en	Tranquill
en	Trapinch
en	Treecko
en	Trevenant
en	Tropius
en	Trubbish
en	Trumbeak
en	Tsareena
en	Turtonator
en	Turtwig
en	Tympole
en	Tynamo
en	Type: Null
en	Typhlosion
en	Tyranitar
en	Tyrantrum
en	Tyrogue
en	Tyrunt
en	Umbreon
en	Unfezant
en	Unown
en	Ursaluna
en	Ursaring
en	Urshifu
en	Uxie
en	Vanillish
en	Vanillite
en	Vanilluxe
en	Vaporeon
en	Varoom
en	Veluza
en	Venipede
en	Venomoth
en	Venonat
en	Venusaur
en	Vespiquen
en	Vibrava
en	Victini
en	Victreebel
en	Vigoroth
en	Vikavolt
en	Vileplume
en	Virizion
en	Vivillon
en	Volbeat
en	Volcanion
en	Volcarona
en	Voltorb
en	Vullaby
en	Vulpix
en	Wailmer
en	Wailord
en	Walking Wake
en	Walrein
en	Wartortle
en	Watchog
en	Wattrel
en	Weavile
en	Weedle
en	Weepinbell
en	Weezing
en	Whimsicott
en	Whirlipede
en	Whiscash
en	Whismur
en	Wigglytuff
en	Wiglett
en	Wimpod
en	Wingull
en	Wishiwashi
en	Wo-Chien
en	Wobbuffet
en	Woobat
en	Wooloo
en	Wooper
en	Wormadam
en	Wugtrio
en	Wurmple
en	Wynaut
en	Wyrdeer
en	Xatu
en	Xerneas
en	Xurkitree
en	Yamask
en	Yamper
en	Yanma
en	Yanmega
en	Yungoos
en	Yveltal
en	Zacian
en	Zamazenta
en	Zangoose
en	Zapdos
en	Zarude
en	Zebstrika
en	Zekrom
en	Zeraora
en	Zigzagoon
en	Zoroark
en	Zorua
en	Zubat
en	Zweilous
en	Zygarde
es	Abomasnow
es	Abra
es	Absol
es	Accelgor
es	Aegislash
es	Aerodactyl
es	Aggron
es	Aipom
es	Alakazam
es	Alcremie
es	Alomomola
es	Altaria
es	Amaura
es	Ambipom
es	Amoonguss
es	Ampharos
es	Annihilape
es	Anorith
es	Appletun
es	Applin
es	Araquanid
es	Arbok
es	Arboliva
es	Arcanine
es	Arceus
es	Archaludon
es	Archen
es	Archeops
es	Arctibax
es	Arctovish
es	Arctozolt
es	Ariados
es	Armaldo
es	Armarouge
es	Aromatisse
es	Aron
es	Arrokuda
es	Articuno
es	Audino
es	Aurorus
es	Avalugg
es	Axew
es	Azelf
es	Azumarill
es	Azurill
es	Bagon
es	Baltoy
es	Banette
es	Barbaracle
es	Barboach
es	Barraskewda
es	Basculegion
es	Basculin
es	Bastiodon
es	Baxcalibur
es	Bayleef
es	Beartic
es	Beautifly
es	Beedrill
es	Beheeyem
es	Beldum
es	Bellibolt
es	Bellossom
es	Bellsprout
es	Bergmite
es	Bewear
es	Bibarel
es	Bidoof
es	Binacle
es	Bisharp
es	Blacephalon
es	Blastoise
es	Blaziken
es	Blipbug
es	Blissey
es	Blitzle
es	Boldore
es	Boltund
es	Bombirdier
es	Bonsly
es	Bouffalant
es	Bounsweet
es	Braixen
es	Bramaluna
es	Brambleghast
es	Bramblin
es	Braviary
es	Breloom
es	Brionne
es	Bronzong
es	Bronzor
es	Bruxish
es	Budew
es	Buizel
es	Bulbasaur
es	Buneary
es	Bunnelby
es	Burmy
es	Butterfree
es	Buzzwole
es	Cacnea
es	Cacturne
es	Calyrex
es	Camerupt
es	Capsakid
es	Carbink
es	Carkol
es	Carnivine
es	Carracosta
es	Carvanha
es	Cascoon
es	Castform
es	Caterpie
es	Celebi
es	Celesteela
es	Centiskorch
es	Ceruledge
es	Cetitan
es	Cetoddle
es	Chandelure
es	Chansey
es	Charcadet
es	Charizard
es	Charjabug
es	Charmander
es	Charmeleon
es	Chatot
es	Cherrim
es	Cherubi
es	Chesnaught
es	Chespin
es	Chewtle
es	Chi-Yu
es	Chien-Pao
es	Chikorita
es	Chimchar
es	Chimecho
es	Chinchou
es	Chingling
es	Cinccino
es	Cinderace
es	Clamperl
es	Clauncher
es	Clawitzer
es	Claydol
es	Clefable
es	Clefairy
es	Cleffa
es	Clobbopus
es	Clodsire
es	Cloyster
es	Coalossal
es	Cobalion
es	Cofagrigus
es	Colagrito
es	Colmilargo
es	Combee
es	Combusken
es	Comfey
es	Conkeldurr
es	Copperajah
es	Corphish
es	Corsola
es	Corviknight
es	Corvisquire
es	Cosmoem
es	Cosmog
es	Cottonee
es	Crabominable
es	Crabrawler
es	Cradily
es	Cramorant
es	Cranidos
es	Crawdaunt
es	Cresselia
es	Croagunk
es	Crobat
es	Crocalor
es	Croconaw
es	Crustle
es	Cryogonal
es	Cubchoo
es	Cubone
es	Cufant
es	Cursola
es	Cutiefly
es	Cyclizar
es	Cyndaquil
es	Código Cero
es	Dachsbun
es	Darkrai
es	Darmanitan
es	Dartrix
es	Darumaka
es	Decidueye
es	Dedenne
es	Deerling
es	Deino
es	Delcatty
es	Delibird
es	Delphox
es	Deoxys
es	Dewgong
es	Dewott
es	Dewpider
es	Dhelmise
es	Dialga
es	Diancie
es	Diggersby
es	Diglett
es	Dipplin
es	Ditto
es	Dodrio
es	Doduo
es	Dolliv
es	Dondozo
es	Donphan
es	Dottler
es	Doublade
es	Dracovish
es	Dracozolt
es	Dragalge
es	Dragapult
es	Dragonair
es	Dragonite
es	Drakloak
es	Drampa
es	Drapion
es	Dratini
es	Drednaw
es	Dreepy
es	Drifblim
es	Drifloon
es	Drilbur
es	Drizzile
es	Drowzee
es	Druddigon
es	Dubwool
es	Ducklett
es	Dudunsparce
es	Dugtrio
es	Dunsparce
es	Duosion
es	Duraludon
es	Durant
es	Dusclops
es	Dusknoir
es	Duskull
es	Dustox
es	Dwebble
es	Eelektrik
es	Eelektross
es	Eevee
es	Eiscue
es	Ekans
es	Eldegoss
es	Electabuzz
es	Electivire
es	Electrike
es	Electrode
es	Electrofuria
es	Elekid
es	Elgyem
es	Emboar
es	Emolga
es	Empoleon
es	Enamorus
es	Entei
es	Escavalier
es	Espathra
es	Espeon
es	Espurr
es	Eternatus
es	Excadrill
es	Exeggcute
es	Exeggutor
es	Exploud
es	Falinks
es	Farfetch’d
es	Farigiraf
es	Fearow
es	Feebas
es	Fennekin
es	Feraligatr
es	Ferrocuello
es	Ferrodada
es	Ferromole
es	Ferropaladín
es	Ferropalmas
es	Ferropolilla
es	Ferropúas
es	Ferrosaco
es	Ferroseed
es	Ferrotesta
es	Ferrothorn
es	Ferroverdor
es	Fezandipiti
es	Fidough
es	Finizen
es	Finneon
es	Flaaffy
es	Flabébé
es	Flamariete
es	Flamigo
es	Flapple
es	Flareon
es	Fletchinder
es	Fletchling
es	Flittle
es	Floatzel
es	Floette
es	Floragato
es	Florges
es	Flygon
es	Fomantis
es	Foongus
es	Forretress
es	Fraxure
es	Frigibax
es	Frillish
es	Froakie
es	Frogadier
es	Froslass
es	Frosmoth
es	Fuecoco
es	Furfrou
es	Furioseta
es	Furret
es	Gabite
es	Gallade
es	Galvantula
es	Garbodor
es	Garchomp
es	Gardevoir
es	Garganacl
es	Gastly
es	Gastrodon
es	Genesect
es	Gengar
es	Geodude
es	Gholdengo
es	Gible
es	Gigalith
es	Gimmighoul
es	Girafarig
es	Giratina
es	Glaceon
es	Glalie
es	Glameow
es	Glastrier
es	Gligar
es	Glimmet
es	Glimmora
es	Gliscor
es	Gloom
es	Gogoat
es	Golbat
es	Goldeen
es	Golduck
es	Golem
es	Golett
es	Golisopod
es	Golurk
es	Goodra
es	Goomy
es	Gorebyss
es	Gossifleur
es	Gothita
es	Gothitelle
es	Gothorita
es	Gourgeist
es	Grafaiai
es	Granbull
es	Grapploct
es	Graveler
es	Greavard
es	Greedent
es	Greninja
es	Grimer
es	Grimmsnarl
es	Grookey
es	Grotle
es	Groudon
es	Grovyle
es	Growlithe
es	Grubbin
es	Grumpig
es	Gulpin
es	Gumshoos
es	Gurdurr
es	Guzzlord
es	Gyarados
es	Hakamo-o
es	Happiny
es	Hariyama
es	Hatenna
es	Hatterene
es	Hattrem
es	Haunter
es	Hawlucha
es	Haxorus
es	Heatmor
es	Heatran
es	Heliolisk
es	Helioptile
es	Heracross
es	Herdier
es	Hippopotas
es	Hippowdon
es	Hitmonchan
es	Hitmonlee
es	Hitmontop
es	Ho-Oh
es	Honchkrow
es	Honedge
es	Hoopa
es	Hoothoot
es	Hoppip
es	Horsea
es	Houndoom
es	Houndour
es	Houndstone
es	Huntail
es	Hydrapple
es	Hydreigon
es	Hypno
es	Igglybuff
es	Illumise
es	Impidimp
es	Incineroar
es	Indeedee
es	Infernape
es	Inkay
es	Inteleon
es	Ivysaur
es	Jangmo-o
es	Jellicent
es	Jigglypuff
es	Jirachi
es	Jolteon
es	Joltik
es	Jumpluff
es	Jynx
es	Kabuto
es	Kabutops
es	Kadabra
es	Kakuna
es	Kangaskhan
es	Karrablast
es	Kartana
es	Kecleon
es	Keldeo
es	Kilowattrel
es	Kingambit
es	Kingdra
es	Kingler
es	Kirlia
es	Klang
es	Klawf
es	Kleavor
es	Klefki
es	Klink
es	Klinklang
es	Koffing
es	Komala
es	Kommo-o
es	Koraidon
es	Krabby
es	Kricketot
es	Kricketune
es	Krokorok
es	Krookodile
es	Kubfu
es	Kyogre
es	Kyurem
es	Lairon
es	Lampent
es	Landorus
es	Lanturn
es	Lapras
es	Larvesta
es	Larvitar
es	Latias
es	Latios
es	Leafeon
es	Leavanny
es	Lechonk
es	Ledian
es	Ledyba
es	Lickilicky
es	Lickitung
es	Liepard
es	Lileep
es	Lilligant
es	Lillipup
es	Linoone
es	Litleo
es	Litten
es	Litwick
es	Lokix
es	Lombre
es	Lopunny
es	Lotad
es	Loudred
es	Lucario
es	Ludicolo
es	Lugia
es	Lumineon
es	Lunala
es	Lunatone
es	Lurantis
es	Luvdisc
es	Luxio
es	Luxray
es	Lycanroc
es	Mabosstiff
es	Machamp
es	Machoke
es	Machop
es	Magby
es	Magcargo
es	Magearna
es	Magikarp
es	Magmar
es	Magmortar
es	Magnemite
es	Magneton
es	Magnezone
es	Makuhita
es	Malamar
es	Mamoswine
es	Manaphy
es	Mandibuzz
es	Manectric
es	Mankey
es	Mantine
es	Mantyke
es	Maractus
es	Mareanie
es	Mareep
es	Marill
es	Marowak
es	Marshadow
es	Marshtomp
es	Maschiff
es	Masquerain
es	Maushold
es	Mawile
es	Medicham
es	Meditite
es	Meganium
es	Melenaleteo
es	Melmetal
es	Meloetta
es	Meltan
es	Meowscarada
es	Meowstic
es	Meowth
es	Mesprit
es	Metagross
es	Metang
es	Metapod
es	Mew
es	Mewtwo
es	Mienfoo
es	Mienshao
es	Mightyena
es	Milcery
es	Milotic
es	Miltank
es	Mime Jr.
es	Mimikyu
es	Minccino
es	Minior
es	Minun
es	Miraidon
es	Misdreavus
es	Mismagius
es	Moltres
es	Monferno
es	Morelull
es	Morgrem
es	Morpeko
es	Mothim
es	Mr. Mime
es	Mr. Rime
es	Mudbray
es	Mudkip
es	Mudsdale
es	Muk
es	Munchlax
es	Munkidori
es	Munna
es	Murkrow
es	Musharna
es	Nacli
es	Naclstack
es	Naganadel
es	Natu
es	Necrozma
es	Nickit
es	Nidoking
es	Nidoqueen
es	Nidoran♀
es	Nidoran♂
es	Nidorina
es	Nidorino
es	Nihilego
es	Nincada
es	Ninetales
es	Ninjask
es	Noctowl
es	Noibat
es	Noivern
es	Nosepass
es	Numel
es	Nuzleaf
es	Nymble
es	Obstagoon
es	Octillery
es	Oddish
es	Ogerpon
es	Oinkologne
es	Okidogi
es	Omanyte
es	Omastar
es	Ondulagua
es	Onix
es	Oranguru
es	Orbeetle
es	Oricorio
es	Orthworm
es	Oshawott
es	Overqwil
es	Pachirisu
es	Palafin
es	Palkia
es	Palossand
es	Palpitoad
es	Pancham
es	Pangoro
es	Panpour
es	Pansage
es	Pansear
es	Paras
es	Parasect
es	Passimian
es	Patrat
es	Pawmi
es	Pawmo
es	Pawmot
es	Pawniard
es	Pecharunt
es	Pelarena
es	Pelipper
es	Perrserker
es	Persian
es	Petilil
es	Phanpy
es	Phantump
es	Pheromosa
es	Phione
es	Pichu
es	Pidgeot
es	Pidgeotto
es	Pidgey
es	Pidove
es	Pignite
es	Pikachu
es	Pikipek
es	Piloswine
es	Pincurchin
es	Pineco
es	Pinsir
es	Piplup
es	Plusle
es	Poipole
es	Politoed
es	Poliwag
es	Poliwhirl
es	Poliwrath
es	Poltchageist
es	Polteageist
es	Ponyta
es	Poochyena
es	Popplio
es	Porygon
es	Porygon-Z
es	Porygon2
es	Primarina
es	Primeape
es	Prinplup
es	Probopass
es	Psyduck
es	Pumpkaboo
es	Pupitar
es	Purrloin
es	Purugly
es	Pyroar
es	Pyukumuku
es	Quagsire
es	Quaquaval
es	Quaxly
es	Quaxwell
es	Quilava
es	Quilladin
es	Qwilfish
es	Raboot
es	Rabsca
es	Raichu
es	Raikou
es	Ralts
es	Rampardos
es	Rapidash
es	Raticate
es	Rattata
es	Rayquaza
es	Regice
es	Regidrago
es	Regieleki
es	Regigigas
es	Regirock
es	Registeel
es	Relicanth
es	Rellor
es	Remoraid
es	Reptalada
es	Reshiram
es	Reuniclus
es	Revavroom
es	Rhydon
es	Rhyhorn
es	Rhyperior
es	Ribombee
es	Rillaboom
es	Riolu
es	Rockruff
es	Roggenrola
es	Rolycoly
es	Rookidee
es	Roselia
es	Roserade
es	Rotom
es	Rowlet
es	Rufflet
es	Runerigus
es	Sableye
es	Salamence
es	Salandit
es	Salazzle
es	Samurott
es	Sandaconda
es	Sandile
es	Sandshrew
es	Sandslash
es	Sandygast
es	Sawk
es	Sawsbuck
es	Scatterbug
es	Sceptile
es	Scizor
es	Scolipede
es	Scorbunny
es	Scovillain
es	Scrafty
es	Scraggy
es	Scyther
es	Seadra
es	Seaking
es	Sealeo
es	Seedot
es	Seel
es	Seismitoad
es	Sentret
es	Serperior
es	Servine
es	Seviper
es	Sewaddle
es	Sharpedo
es	Shaymin
es	Shedinja
es	Shelgon
es	Shellder
es	Shellos
es	Shelmet
es	Shieldon
es	Shiftry
es	Shiinotic
es	Shinx
es	Shroodle
es	Shroomish
es	Shuckle
es	Shuppet
es	Sigilyph
es	Silcoon
es	Silicobra
es	Silvally
es	Simipour
es	Simisage
es	Simisear
es	Sinistcha
es	Sinistea
es	Sirfetch’d
es	Sizzlipede
es	Skarmory
es	Skeledirge
es	Skiddo
es	Skiploom
es	Skitty
es	Skorupi
es	Skrelp
es	Skuntank
es	Skwovet
es	Slaking
es	Slakoth
es	Sliggoo
es	Slowbro
es	Slowking
es	Slowpoke
es	Slugma
es	Slurpuff
es	Smeargle
es	Smoliv
es	Smoochum
es	Sneasel
es	Sneasler
es	Snivy
es	Snom
es	Snorlax
es	Snorunt
es	Snover
es	Snubbull
es	Sobble
es	Solgaleo
es	Solosis
es	Solrock
es	Spearow
es	Spectrier
es	Spewpa
es	Spheal
es	Spidops
es	Spinarak
es	Spinda
es	Spiritomb
es	Spoink
es	Sprigatito
es	Spritzee
es	Squawkabilly
es	Squirtle
es	Stakataka
es	Stantler
es	Staraptor
es	Staravia
es	Starly
es	Starmie
es	Staryu
es	Steelix
es	Steenee
es	Stonjourner
es	Stoutland
es	Stufful
es	Stunfisk
es	Stunky
es	Sudowoodo
es	Suicune
es	Sunflora
es	Sunkern
es	Surskit
es	Swablu
es	Swadloon
es	Swalot
es	Swampert
es	Swanna
es	Swellow
es	Swinub
es	Swirlix
es	Swoobat
es	Sylveon
es	Tadbulb
es	Taillow
es	Talonflame
es	Tandemaus
es	Tangela
es	Tangrowth
es	Tapu Bulu
es	Tapu Fini
es	Tapu Koko
es	Tapu Lele
es	Tarountula
es	Tatsugiri
es	Tauros
es	Teddiursa
es	Tentacool
es	Tentacruel
es	Tepig
es	Terapagos
es	Terrakion
es	Thievul
es	Throh
es	Thundurus
es	Thwackey
es	Timburr
es	Ting-Lu
es	Tinkatink
es	Tinkaton
es	Tinkatuff
es	Tirtouga
es	Toedscool
es	Toedscruel
es	Togedemaru
es	Togekiss
es	Togepi
es	Togetic
es	Torchic
es	Torkoal
es	Tornadus
es	Torracat
es	Torterra
es	Totodile
es	Toucannon
es	Toxapex
es	Toxel
es	Toxicroak
es	Toxtricity
es	Tranquill
es	Trapinch
es	Treecko
es	Trevenant
es	Tropius
es	Trubbish
es	Trumbeak
es	Tsareena
es	Turtonator
es	Turtwig
es	Tympole
es	Tynamo
es	Typhlosion
es	Tyranitar
es	Tyrantrum
es	Tyrogue
es	Tyrunt
es	Umbreon
es	Unfezant
es	Unown
es	Ursaluna
es	Ursaring
es	Urshifu
es	Uxie
es	Vanillish
es	Vanillite
es	Vanilluxe
es	Vaporeon
es	Varoom
es	Veluza
es	Venipede
es	Venomoth
es	Venonat
es	Venusaur
es	Vespiquen
es	Vibrava
es	Victini
es	Victreebel
es	Vigoroth
es	Vikavolt
es	Vileplume
es	Virizion
es	Vivillon
es	Volbeat
es	Volcanion
es	Volcarona
es	Voltorb
es	Vullaby
es	Vulpix
es	Wailmer
es	Wailord
es	Walrein
es	Wartortle
es	Watchog
es	Wattrel
es	Weavile
es	Weedle
es	Weepinbell
es	Weezing
es	Whimsicott
es	Whirlipede
es	Whiscash
es	Whismur
es	Wigglytuff
es	Wiglett
es	Wimpod
es	Wingull
es	Wishiwashi
es	Wo-Chien
es	Wobbuffet
es	Woobat
es	Wooloo
es	Wooper
es	Wormadam
es	Wugtrio
es	Wurmple
es	Wynaut
es	Wyrdeer
es	Xatu
es	Xerneas
es	Xurkitree
es	Yamask
es	Yamper
es	Yanma
es	Yanmega
es	Yungoos
es	Yveltal
es	Zacian
es	Zamazenta
es	Zangoose
es	Zapdos
es	Zarude
es	Zebstrika
es	Zekrom
es	Zeraora
es	Zigzagoon
es	Zoroark
es	Zorua
es	Zubat
es	Zweilous
es	Zygarde
fr	Abo
fr	Abra
fr	Absol
fr	Aflamanoir
fr	Airmure
fr	Akwakwak
fr	Alakazam
fr	Aligatueur
fr	Altaria
fr	Ama-Ama
fr	Amagara
fr	Amassel
fr	Amonistar
fr	Amonita
fr	Amovénus
fr	Amphinobi
fr	Ampibidou
fr	Anchwatt
fr	Angoliath
fr	Anorith
fr	Apireine
fr	Apitrini
fr	Aquali
fr	Arakdo
fr	Araqua
fr	Arbok
fr	Arboliva
fr	Arcanin
fr	Arceus
fr	Archéduc
fr	Archéodong
fr	Archéomire
fr	Arcko
fr	Argouste
fr	Arkéapti
fr	Armaldo
fr	Armulys
fr	Arrozard
fr	Artikodin
fr	Aspicot
fr	Astronelle
fr	Avaltout
fr	Axoloto
fr	Azumarill
fr	Azurill
fr	Aéromite
fr	Aéroptéryx
fr	Babimanta
fr	Bacabouh
fr	Badabouin
fr	Baggaïd
fr	Baggiguane
fr	Balbalèze
fr	Balbuto
fr	Balignon
fr	Bamboiselle
fr	Banshitrouye
fr	Baojian
fr	Barbicha
fr	Bargantua
fr	Barloche
fr	Barpau
fr	Bastiodon
fr	Batracné
fr	Baudrive
fr	Bazoucan
fr	Bekaglaçon
fr	Bekipan
fr	Beldeneige
fr	Berserkatt
fr	Bibichut
fr	Blancoton
fr	Bleuseille
fr	Blindalys
fr	Blindépique
fr	Blizzaroi
fr	Blizzeval
fr	Blizzi
fr	Boguérisse
fr	Bombydou
fr	Boréas
fr	Boskara
fr	Bouldeneu
fr	Boumata
fr	Bourrinos
fr	Boustiflor
fr	Braisillon
fr	Branette
fr	Braségali
fr	Brindibou
fr	Briochien
fr	Brocélôme
fr	Brouhabam
fr	Brutalibré
fr	Brutapode
fr	Bruyverne
fr	Bulbizarre
fr	Bébécaille
fr	Bérasca
fr	Bétochef
fr	Cabriolaine
fr	Cacnea
fr	Cacturne
fr	Cadoizo
fr	Camérupt
fr	Canarbello
fr	Canarticho
fr	Cancrelove
fr	Candine
fr	Caninos
fr	Capidextre
fr	Capumain
fr	Carabaffe
fr	Carabing
fr	Carapagos
fr	Carapuce
fr	Caratroc
fr	Carchacrok
fr	Carmache
fr	Carmadura
fr	Carvanha
fr	Castorno
fr	Celebi
fr	Cerbyllin
fr	Cerfrousse
fr	Ceribou
fr	Ceriflor
fr	Chacripan
fr	Chaffreux
fr	Chaglam
fr	Chamallot
fr	Chapignon
fr	Chapotus
fr	Charbambin
fr	Charbi
fr	Charibari
fr	Charkos
fr	Charmillon
fr	Charmilly
fr	Charmina
fr	Charpenti
fr	Chartor
fr	Chef-de-Fer
fr	Chelours
fr	Chenipan
fr	Chenipotte
fr	Cheniselle
fr	Cheniti
fr	Chevroum
fr	Chimpenfeu
fr	Chinchidou
fr	Chlorobule
fr	Chochodile
fr	Chongjian
fr	Chovsourir
fr	Chrysacier
fr	Chrysapile
fr	Chuchmur
fr	Chétiflor
fr	Cizayox
fr	Clamiral
fr	Clic
fr	Cliticlic
fr	Cléopsytra
fr	Coatox
fr	Cobaltium
fr	Cochignon
fr	Coconfort
fr	Cocotine
fr	Coiffeton
fr	Colhomard
fr	Colimucus
fr	Colombeau
fr	Colossinge
fr	Coléodôme
fr	Compagnol
fr	Concombaffe
fr	Coquiperl
fr	Corayon
fr	Corayôme
fr	Corboss
fr	Cornèbre
fr	Corvaillus
fr	Cosmog
fr	Cosmovum
fr	Cotovol
fr	Couafarel
fr	Couaneton
fr	Coudlangue
fr	Coupenotte
fr	Courrousinge
fr	Couverdure
fr	Coxy
fr	Coxyclaque
fr	Crabagarre
fr	Crabaraque
fr	Crabicoque
fr	Crabominable
fr	Cradopaud
fr	Craparoi
fr	Crapustule
fr	Cresselia
fr	Crikzik
fr	Crocogril
fr	Crocorible
fr	Crocrodil
fr	Croquine
fr	Croâporal
fr	Crustabri
fr	Cryodo
fr	Cryptéro
fr	Crèmy
fr	Créfadet
fr	Créfollet
fr	Créhelf
fr	Cupcanaille
fr	Câblifère
fr	Dardargnan
fr	Darkrai
fr	Darumacho
fr	Darumarond
fr	Debugant
fr	Dedenne
fr	Delcatty
fr	Denticrisse
fr	Deoxys
fr	Desséliande
fr	Deusolourdo
fr	Dialga
fr	Diamat
fr	Diancie
fr	Dimoclès
fr	Dimoret
fr	Dinglu
fr	Dinoclier
fr	Dispareptil
fr	Dodoala
fr	Dodrio
fr	Doduo
fr	Dofin
fr	Dogrino
fr	Dolman
fr	Donphan
fr	Doudouvet
fr	Draby
fr	Dracaufeu
fr	Drackhaus
fr	Draco
fr	Dracolosse
fr	Dragmara
fr	Drakkarmin
fr	Drascore
fr	Dratatin
fr	Drattak
fr	Draïeul
fr	Dunaconda
fr	Dunaja
fr	Duralugon
fr	Dynavolt
fr	Déflaisan
fr	Délestin
fr	Démanta
fr	Démolosse
fr	Démétéros
fr	Ectoplasma
fr	Efflèche
fr	Embrochet
fr	Embrylex
fr	Emolga
fr	Empiflor
fr	Engloutyran
fr	Entei
fr	Escargaume
fr	Escroco
fr	Exagide
fr	Excavarenne
fr	Excelangue
fr	Famignol
fr	Fantominus
fr	Fantyrm
fr	Farfaduvet
fr	Farfuret
fr	Farfurex
fr	Farigiraf
fr	Favianos
fr	Ferdeter
fr	Fermite
fr	Feu-Perçant
fr	Feuforêve
fr	Feuillajou
fr	Feuiloutan
fr	Feunard
fr	Feunnec
fr	Feurisson
fr	Filentrappe
fr	Flabébé
fr	Flagadoss
fr	Flamajou
fr	Flambino
fr	Flambusard
fr	Flamenroule
fr	Flamiaou
fr	Flamoutan
fr	Flingouste
fr	Flobio
fr	Floette
fr	Floramantis
fr	Floravol
fr	Florges
fr	Florizarre
fr	Floréclat
fr	Flotajou
fr	Flotillon
fr	Flotoutan
fr	Flotte-Mèche
fr	Fluvetin
fr	Flâmigator
fr	Fongus-Furie
fr	Foretress
fr	Forgelina
fr	Forgella
fr	Forgerette
fr	Fort-Ivoire
fr	Fortusimia
fr	Fouinar
fr	Fouinette
fr	Fourbelin
fr	Fragilady
fr	Fragroin
fr	Frigodo
fr	Frison
fr	Frissonille
fr	Froussardine
fr	Fulgudog
fr	Fulgulairo
fr	Fulguris
fr	Funécire
fr	Furaiglon
fr	Félicanis
fr	Félinferno
fr	Férosinge
fr	Galegon
fr	Galekid
fr	Galeking
fr	Galifeu
fr	Gallame
fr	Galopa
fr	Galvagla
fr	Galvagon
fr	Galvaran
fr	Gambex
fr	Gamblast
fr	Garde-de-Fer
fr	Gardevoir
fr	Gaulet
fr	Genesect
fr	Germignon
fr	Germéclat
fr	Gigalithe
fr	Gigansel
fr	Girafarig
fr	Giratina
fr	Givrali
fr	Glaivodo
fr	Gloupti
fr	Gobou
fr	Goinfrex
fr	Golemastoc
fr	Golgopathe
fr	Gorythmic
fr	Goupelin
fr	Goupilou
fr	Goupix
fr	Gourmelet
fr	Gouroutan
fr	Goélise
fr	Grahyèna
fr	Grainipiot
fr	Granbull
fr	Granivol
fr	Gravalanch
fr	Grelaçon
fr	Grenousse
fr	Gribouraigne
fr	Griknot
fr	Grillepattes
fr	Grimalin
fr	Grindur
fr	Gringolem
fr	Grodoudou
fr	Grodrive
fr	Grolem
fr	Gromago
fr	Grondogue
fr	Groret
fr	Grotadmorv
fr	Grotichon
fr	Groudon
fr	Gruikui
fr	Gueriaigle
fr	Guérilande
fr	Géolithe
fr	Hachécateur
fr	Hariyama
fr	Hastacuda
fr	Haydaim
fr	Heatran
fr	Herbizarre
fr	Hexadron
fr	Hexagel
fr	Hippodocus
fr	Hippopotas
fr	Ho-Oh
fr	Hoopa
fr	Hoothoot
fr	Hotte-de-Fer
fr	Hurle-Queue
fr	Hydragla
fr	Hydragon
fr	Hypnomade
fr	Hypocéan
fr	Hyporoi
fr	Hypotrempe
fr	Héliatronc
fr	Hélionceau
fr	Hélédelle
fr	Héricendre
fr	Iguolta
fr	Incisache
fr	Insolourdo
fr	Insécateur
fr	Ire-Foudre
fr	Ixon
fr	Jirachi
fr	Joliflor
fr	Judokrak
fr	Jungko
fr	Kabuto
fr	Kabutops
fr	Kadabra
fr	Kaiminus
fr	Kaimorse
fr	Kangourex
fr	Kaorine
fr	Kapoera
fr	Karaclée
fr	Katagami
fr	Kecleon
fr	Keldeo
fr	Keunotor
fr	Khélocrok
fr	Kicklee
fr	Kirlia
fr	Kokiyas
fr	Koraidon
fr	Korillon
fr	Krabboss
fr	Krabby
fr	Kraknoix
fr	Krakos
fr	Kranidos
fr	Kravarech
fr	Kungfouine
fr	Kyogre
fr	Kyurem
fr	Laggron
fr	Lainergie
fr	Lakmécygne
fr	Lamantine
fr	Lampignon
fr	Lampéroie
fr	Lanssorien
fr	Lanturn
fr	Lançargot
fr	Laporeille
fr	Lapyro
fr	Larméléon
fr	Larvadar
fr	Larveyette
fr	Larvibule
fr	Latias
fr	Latios
fr	Lestombaile
fr	Leuphorie
fr	Leveinard
fr	Lewsor
fr	Lianaja
fr	Libégon
fr	Lilia
fr	Lilliterelle
fr	Limagma
fr	Limaspeed
fr	Limonde
fr	Linéon
fr	Lippouti
fr	Lippoutou
fr	Lixy
fr	Lockpin
fr	Lokhlass
fr	Lombre
fr	Lougaroc
fr	Loupio
fr	Lovdisc
fr	Lucanon
fr	Lucario
fr	Ludicolo
fr	Lugia
fr	Lugulabre
fr	Luminéon
fr	Lumivole
fr	Lunala
fr	Luxio
fr	Luxray
fr	Léboulérou
fr	Léopardus
fr	Lépidonille
fr	Léviator
fr	Lézargus
fr	M. Glaquette
fr	M. Mime
fr	Machoc
fr	Machopeur
fr	Mackogneur
fr	Macronium
fr	Maganon
fr	Magby
fr	Magearna
fr	Magicarpe
fr	Magirêve
fr	Magmar
fr	Magnéti
fr	Magnéton
fr	Magnézone
fr	Majaspic
fr	Makuhita
fr	Malamandre
fr	Malosse
fr	Malvalame
fr	Mamanbo
fr	Mammochon
fr	Manaphy
fr	Mandrillon
fr	Manglouton
fr	Mangriff
fr	Manternel
fr	Manzaï
fr	Maracachi
fr	Maraiste
fr	Marcacrin
fr	Marill
fr	Marisson
fr	Marshadow
fr	Mascaïman
fr	Maskadra
fr	Massko
fr	Mastouffe
fr	Mateloutre
fr	Matoufeu
fr	Matourgeon
fr	Medhyèna
fr	Melmetal
fr	Meloetta
fr	Meltan
fr	Mentali
fr	Mesmérella
fr	Mew
fr	Mewtwo
fr	Miamiasme
fr	Miaouss
fr	Miascarade
fr	Miasmax
fr	Migalos
fr	Milobellus
fr	Mimantis
fr	Mime Jr.
fr	Mimigal
fr	Mimiqui
fr	Mimitoss
fr	Minidraco
fr	Minisange
fr	Minotaupe
fr	Miradar
fr	Miraidon
fr	Mistigrix
fr	Mite-de-Fer
fr	Momartik
fr	Monaflèmit
fr	Monorpale
fr	Monthracite
fr	Mordudor
fr	Morpeko
fr	Morphéo
fr	Motisma
fr	Motorizard
fr	Moufflair
fr	Moufouette
fr	Moumouflon
fr	Moumouton
fr	Mouscoto
fr	Moustillon
fr	Moyade
fr	Muciole
fr	Mucuscule
fr	Munja
fr	Munna
fr	Muplodocus
fr	Mushana
fr	Mustébouée
fr	Mustéflott
fr	Mygavolt
fr	Mysdibule
fr	Mystherbe
fr	Méditikka
fr	Méganium
fr	Mégapagos
fr	Méios
fr	Mélancolux
fr	Mélo
fr	Mélodelfe
fr	Mélofée
fr	Mélokrik
fr	Métalosse
fr	Métamorph
fr	Métang
fr	Météno
fr	Nanméouïe
fr	Natu
fr	Necrozma
fr	Neitram
fr	Nidoking
fr	Nidoqueen
fr	Nidoran♀
fr	Nidoran♂
fr	Nidorina
fr	Nidorino
fr	Nigirigon
fr	Nigosier
fr	Ningale
fr	Ninjask
fr	Nirondelle
fr	Noacier
fr	Noadkoko
fr	Noarfang
fr	Noctali
fr	Noctunoir
fr	Nodulithe
fr	Noeunoeuf
fr	Nosferalto
fr	Nosferapti
fr	Nostenfer
fr	Nounourson
fr	Nucléos
fr	Nymphali
fr	Négapi
fr	Némélios
fr	Nénupiot
fr	Obalie
fr	Octillery
fr	Ogerpon
fr	Ohmassacre
fr	Okéoké
fr	Olivado
fr	Olivini
fr	Oniglali
fr	Onix
fr	Opermine
fr	Oratoria
fr	Ortide
fr	Ossatueur
fr	Osselait
fr	Otaquin
fr	Otaria
fr	Otarlette
fr	Ouistempo
fr	Ouisticram
fr	Ouvrifier
fr	Oyacata
fr	Pachirisu
fr	Pachyradjah
fr	Palarticho
fr	Palkia
fr	Palmaval
fr	Pandarbare
fr	Pandespiègle
fr	Papilord
fr	Papilusion
fr	Papinox
fr	Paragruel
fr	Paras
fr	Parasect
fr	Parecool
fr	Pashmilla
fr	Passerouge
fr	Paume-de-Fer
fr	Pelage-Sablé
fr	Persian
fr	Phanpy
fr	Pharamp
fr	Phione
fr	Phogleur
fr	Phyllali
fr	Piafabec
fr	Picassaut
fr	Pichu
fr	Piclairon
fr	Pierroteknik
fr	Pifeuil
fr	Pijako
fr	Pikachu
fr	Pimito
fr	Pingoléon
fr	Pitrouille
fr	Piétacé
fr	Plumeline
fr	Pohm
fr	Pohmarmotte
fr	Pohmotte
fr	Poichigeon
fr	Poissirène
fr	Poissoroy
fr	Polagriffe
fr	Polarhume
fr	Polichombr
fr	Poltchageist
fr	Polthégeist
fr	Pomdepik
fr	Pomdorochi
fr	Pomdramour
fr	Pomdrapi
fr	Ponchien
fr	Ponchiot
fr	Pondralugon
fr	Ponyta
fr	Porygon
fr	Porygon-Z
fr	Porygon2
fr	Posipi
fr	Poulpaf
fr	Poussacha
fr	Poussifeu
fr	Prinplouf
fr	Prismillon
fr	Prédastérie
fr	Psykokwak
fr	Psystigri
fr	Ptiravi
fr	Ptitard
fr	Ptyranidur
fr	Ptéra
fr	Pyrax
fr	Pyrobut
fr	Pyroli
fr	Pyronille
fr	Pâtachiot
fr	Pérégrain
fr	Pêchaminus
fr	Quartermac
fr	Queulorior
fr	Qulbutoké
fr	Qwilfish
fr	Qwilpik
fr	Racaillou
fr	Rafflesia
fr	Raichu
fr	Raikou
fr	Ramboum
fr	Ramoloss
fr	Rampe-Ailes
fr	Rapasdepic
fr	Rapion
fr	Ratentif
fr	Rattata
fr	Rattatac
fr	Rayquaza
fr	Regice
fr	Regidrago
fr	Regieleki
fr	Regigigas
fr	Regirock
fr	Registeel
fr	Relicanth
fr	Reptincel
fr	Reshiram
fr	Rexillius
fr	Rhinastoc
fr	Rhinocorne
fr	Rhinoféros
fr	Rhinolove
fr	Riolu
fr	Roc-de-Fer
fr	Rocabot
fr	Roigada
fr	Roitiflam
fr	Rondoudou
fr	Ronflex
fr	Rongourmand
fr	Rongrigou
fr	Rosabyss
fr	Roserade
fr	Rosélia
fr	Rototaupe
fr	Roublenard
fr	Roucarnage
fr	Roucool
fr	Roucoups
fr	Roue-de-Fer
fr	Roussil
fr	Rozbouton
fr	Rubombelle
fr	Rugit-Lune
fr	Rémoraid
fr	Sabelette
fr	Sablaireau
fr	Salamèche
fr	Salarsen
fr	Sancoki
fr	Sapereau
fr	Saquedeneu
fr	Sarmuraï
fr	Scalpereur
fr	Scalpion
fr	Scalproie
fr	Scarabrute
fr	Scarhino
fr	Scobolide
fr	Scolocendre
fr	Scorplane
fr	Scorvol
fr	Scovilain
fr	Scrutella
fr	Selutin
fr	Sepiatop
fr	Sepiatroce
fr	Serpang
fr	Serpente-Eau
fr	Shaofouine
fr	Sharpedo
fr	Shaymin
fr	Shifours
fr	Sidérella
fr	Silvallié
fr	Simiabraz
fr	Simularbre
fr	Sinistrail
fr	Skelénox
fr	Skitty
fr	Smogo
fr	Smogogo
fr	Snubbull
fr	Solaroc
fr	Solgaleo
fr	Solochi
fr	Sonistrelle
fr	Soporifik
fr	Sorbouboul
fr	Sorboul
fr	Sorbébé
fr	Sorcilence
fr	Sovkipou
fr	Spectreval
fr	Spectrum
fr	Spinda
fr	Spiritomb
fr	Spododo
fr	Spoink
fr	Stalgamin
fr	Stari
fr	Staross
fr	Statitik
fr	Steelix
fr	Strassie
fr	Sucreine
fr	Sucroquin
fr	Suicune
fr	Sulfura
fr	Superdofin
fr	Sylveroy
fr	Symbios
fr	Séléroc
fr	Séracrawl
fr	Séviper
fr	Tadmorv
fr	Tag-Tag
fr	Tapatoès
fr	Tarenbulle
fr	Tarinor
fr	Tarinorme
fr	Tarpaud
fr	Tarsal
fr	Tartard
fr	Taupikeau
fr	Taupiqueur
fr	Tauros
fr	Teddiursa
fr	Tengalice
fr	Tentacool
fr	Tentacruel
fr	Terapagos
fr	Terhal
fr	Terracool
fr	Terracruel
fr	Terraiste
fr	Terrakium
fr	Théffroi
fr	Théffroyable
fr	Tiboudet
fr	Tic
fr	Tiplouf
fr	Tissenboule
fr	Togedemaru
fr	Togekiss
fr	Togepi
fr	Togetic
fr	Tokopisco
fr	Tokopiyon
fr	Tokorico
fr	Tokotoro
fr	Tomberro
fr	Torgamord
fr	Tortank
fr	Torterra
fr	Tortipouss
fr	Toudoudou
fr	Tournegrin
fr	Tournicoton
fr	Toutombe
fr	Toxizap
fr	Tranchodon
fr	Triopikeau
fr	Triopikeur
fr	Trioxhydre
fr	Tritonde
fr	Tritosor
fr	Tritox
fr	Trompignon
fr	Tropius
fr	Trousselin
fr	Trépassable
fr	Tutafeh
fr	Tutankafer
fr	Tutétékri
fr	Tygnon
fr	Tylton
fr	Type:0
fr	Typhlosion
fr	Tyranocif
fr	Ténéfix
fr	Téraclope
fr	Têtampoule
fr	Têtarte
fr	Têtes-de-Fer
fr	Ursaking
fr	Ursaring
fr	Vacilys
fr	Vaututrice
fr	Venalgue
fr	Venipatte
fr	Verpom
fr	Vert-de-Fer
fr	Vibraninf
fr	Victini
fr	Vigoroth
fr	Vipélierre
fr	Virevorreur
fr	Viridium
fr	Virovent
fr	Viskuse
fr	Vivaldaim
fr	Volcanion
fr	Volcaropod
fr	Voltali
fr	Voltorbe
fr	Voltoutou
fr	Vorastérie
fr	Vortente
fr	Vostourno
fr	Vrombi
fr	Vrombotor
fr	Vémini
fr	Wagomine
fr	Wailmer
fr	Wailord
fr	Wattapik
fr	Wattouat
fr	Wimessir
fr	Wushours
fr	Xatu
fr	Xerneas
fr	Yanma
fr	Yanmega
fr	Ymphect
fr	Yuyu
fr	Yveltal
fr	Zacian
fr	Zamazenta
fr	Zapétrel
fr	Zarbi
fr	Zarude
fr	Zekrom
fr	Zeraora
fr	Zigzaton
fr	Zoroark
fr	Zorua
fr	Zygarde
fr	Zébibron
fr	Zéblitz
fr	Zéroïd
fr	Écayon
fr	Écaïd
fr	Écrapince
fr	Écrémeuh
fr	Ékaïser
fr	Élecsprint
fr	Électhor
fr	Électrode
fr	Élekable
fr	Élekid
fr	Élektek
fr	Éoko
fr	Épine-de-Fer
fr	Éthernatos
fr	Étouraptor
fr	Étourmi
fr	Étourvol
fr	Évoli
it	Abomasnow
it	Abra
it	Absol
it	Accelgor
it	Acquecrespe
it	Aegislash
it	Aerodactyl
it	Aggron
it	Aipom
it	Alakazam
it	Alcremie
it	Alirasenti
it	Alomomola
it	Altaria
it	Amaura
it	Ambipom
it	Amoonguss
it	Ampharos
it	Annihilape
it	Anorith
it	Appletun
it	Applin
it	Araquanid
it	Arbok
it	Arboliva
it	Arcanine
it	Arceus
it	Archaludon
it	Archen
it	Archeops
it	Arctibax
it	Arctovish
it	Arctozolt
it	Ariados
it	Armaldo
it	Armarouge
it	Aromatisse
it	Aron
it	Arrokuda
it	Articuno
it	Audino
it	Aurorus
it	Avalugg
it	Axew
it	Azelf
it	Azumarill
it	Azurill
it	Bagon
it	Baltoy
it	Banette
it	Barbaracle
it	Barboach
it	Barraskewda
it	Basculegion
it	Basculin
it	Bastiodon
it	Baxcalibur
it	Bayleef
it	Beartic
it	Beautifly
it	Beedrill
it	Beheeyem
it	Beldum
it	Bellibolt
it	Bellossom
it	Bellsprout
it	Bergmite
it	Bewear
it	Bibarel
it	Bidoof
it	Binacle
it	Bisharp
it	Blacephalon
it	Blastoise
it	Blaziken
it	Blipbug
it	Blissey
it	Blitzle
it	Boldore
it	Boltund
it	Bombirdier
it	Bonsly
it	Bouffalant
it	Bounsweet
it	Braixen
it	Brambleghast
it	Bramblin
it	Braviary
it	Breloom
it	Brionne
it	Bronzong
it	Bronzor
it	Bruxish
it	Budew
it	Buizel
it	Bulbasaur
it	Buneary
it	Bunnelby
it	Burmy
it	Butterfree
it	Buzzwole
it	Cacnea
it	Cacturne
it	Calyrex
it	Camerupt
it	Capoferreo
it	Capsakid
it	Carbink
it	Carkol
it	Carnivine
it	Carracosta
it	Carvanha
it	Cascoon
it	Castform
it	Caterpie
it	Celebi
it	Celesteela
it	Centiskorch
it	Ceruledge
it	Cetitan
it	Cetoddle
it	Chandelure
it	Chansey
it	Charcadet
it	Charizard
it	Charjabug
it	Charmander
it	Charmeleon
it	Chatot
it	Cherrim
it	Cherubi
it	Chesnaught
it	Chespin
it	Chewtle
it	Chi-Yu
it	Chien-Pao
it	Chikorita
it	Chimchar
it	Chimecho
it	Chinchou
it	Chingling
it	Cinccino
it	Cinderace
it	Clamperl
it	Clauncher
it	Clawitzer
it	Claydol
it	Clefable
it	Clefairy
it	Cleffa
it	Clobbopus
it	Clodsire
it	Cloyster
it	Coalossal
it	Cobalion
it	Codaurlante
it	Cofagrigus
it	Colloferreo
it	Combee
it	Combusken
it	Comfey
it	Conkeldurr
it	Copperajah
it	Corphish
it	Corsola
it	Corviknight
it	Corvisquire
it	Cosmoem
it	Cosmog
it	Cottonee
it	Crabominable
it	Crabrawler
it	Cradily
it	Cramorant
it	Cranidos
it	Crawdaunt
it	Cresselia
it	Crinealato
it	Croagunk
it	Crobat
it	Crocalor
it	Croconaw
it	Crustle
it	Cryogonal
it	Cubchoo
it	Cubone
it	Cufant
it	Cursola
it	Cutiefly
it	Cyclizar
it	Cyndaquil
it	Dachsbun
it	Darkrai
it	Darmanitan
it	Dartrix
it	Darumaka
it	Decidueye
it	Dedenne
it	Deerling
it	Deino
it	Delcatty
it	Delibird
it	Delphox
it	Deoxys
it	Dewgong
it	Dewott
it	Dewpider
it	Dhelmise
it	Dialga
it	Diancie
it	Diggersby
it	Diglett
it	Dipplin
it	Ditto
it	Dodrio
it	Doduo
it	Dolliv
it	Dondozo
it	Donphan
it	Dottler
it	Doublade
it	Dracovish
it	Dracozolt
it	Dragalge
it	Dragapult
it	Dragonair
it	Dragonite
it	Drakloak
it	Drampa
it	Drapion
it	Dratini
it	Drednaw
it	Dreepy
it	Drifblim
it	Drifloon
it	Drilbur
it	Drizzile
it	Drowzee
it	Druddigon
it	Dubwool
it	Ducklett
it	Dudunsparce
it	Dugtrio
it	Dunsparce
it	Duosion
it	Duraludon
it	Durant
it	Dusclops
it	Dusknoir
it	Duskull
it	Dustox
it	Dwebble
it	Eelektrik
it	Eelektross
it	Eevee
it	Eiscue
it	Ekans
it	Eldegoss
it	Electabuzz
it	Electivire
it	Electrike
it	Electrode
it	Elekid
it	Elgyem
it	Emboar
it	Emolga
it	Empoleon
it	Enamorus
it	Entei
it	Eroeferreo
it	Escavalier
it	Espathra
it	Espeon
it	Espurr
it	Eternatus
it	Excadrill
it	Exeggcute
it	Exeggutor
it	Exploud
it	Falenaferrea
it	Falinks
it	Farfetch’d
it	Farigiraf
it	Fearow
it	Feebas
it	Fennekin
it	Feraligatr
it	Ferroseed
it	Ferrothorn
it	Fezandipiti
it	Fidough
it	Finizen
it	Finneon
it	Flaaffy
it	Flabébé
it	Flamigo
it	Flapple
it	Flareon
it	Fletchinder
it	Fletchling
it	Flittle
it	Floatzel
it	Floette
it	Floragato
it	Florges
it	Flygon
it	Fogliaferrea
it	Fomantis
it	Foongus
it	Forretress
it	Fraxure
it	Frigibax
it	Frillish
it	Froakie
it	Frogadier
it	Froslass
it	Frosmoth
it	Fuecoco
it	Fungofurioso
it	Furfrou
it	Furiatonante
it	Furret
it	Gabite
it	Gallade
it	Galvantula
it	Garbodor
it	Garchomp
it	Gardevoir
it	Garganacl
it	Gastly
it	Gastrodon
it	Genesect
it	Gengar
it	Geodude
it	Gholdengo
it	Gible
it	Gigalith
it	Gimmighoul
it	Girafarig
it	Giratina
it	Glaceon
it	Glalie
it	Glameow
it	Glastrier
it	Gligar
it	Glimmet
it	Glimmora
it	Gliscor
it	Gloom
it	Gogoat
it	Golbat
it	Goldeen
it	Golduck
it	Golem
it	Golett
it	Golisopod
it	Golurk
it	Goodra
it	Goomy
it	Gorebyss
it	Gossifleur
it	Gothita
it	Gothitelle
it	Gothorita
it	Gourgeist
it	Grafaiai
it	Granbull
it	Grandizanne
it	Grapploct
it	Graveler
it	Greavard
it	Greedent
it	Greninja
it	Grimer
it	Grimmsnarl
it	Grookey
it	Grotle
it	Groudon
it	Grovyle
it	Growlithe
it	Grubbin
it	Grumpig
it	Gulpin
it	Gumshoos
it	Gurdurr
it	Guzzlord
it	Gyarados
it	Hakamo-o
it	Happiny
it	Hariyama
it	Hatenna
it	Hatterene
it	Hattrem
it	Haunter
it	Hawlucha
it	Haxorus
it	Heatmor
it	Heatran
it	Heliolisk
it	Helioptile
it	Heracross
it	Herdier
it	Hippopotas
it	Hippowdon
it	Hitmonchan
it	Hitmonlee
it	Hitmontop
it	Ho-Oh
it	Honchkrow
it	Honedge
it	Hoopa
it	Hoothoot
it	Hoppip
it	Horsea
it	Houndoom
it	Houndour
it	Houndstone
it	Huntail
it	Hydrapple
it	Hydreigon
it	Hypno
it	Igglybuff
it	Illumise
it	Impidimp
it	Incineroar
it	Indeedee
it	Infernape
it	Inkay
it	Inteleon
it	Ivysaur
it	Jangmo-o
it	Jellicent
it	Jigglypuff
it	Jirachi
it	Jolteon
it	Joltik
it	Jumpluff
it	Jynx
it	Kabuto
it	Kabutops
it	Kadabra
it	Kakuna
it	Kangaskhan
it	Karrablast
it	Kartana
it	Kecleon
it	Keldeo
it	Kilowattrel
it	Kingambit
it	Kingdra
it	Kingler
it	Kirlia
it	Klang
it	Klawf
it	Kleavor
it	Klefki
it	Klink
it	Klinklang
it	Koffing
it	Komala
it	Kommo-o
it	Koraidon
it	Krabby
it	Kricketot
it	Kricketune
it	Krokorok
it	Krookodile
it	Kubfu
it	Kyogre
it	Kyurem
it	Lairon
it	Lampent
it	Landorus
it	Lanturn
it	Lapras
it	Larvesta
it	Larvitar
it	Latias
it	Latios
it	Leafeon
it	Leavanny
it	Lechonk
it	Ledian
it	Ledyba
it	Lickilicky
it	Lickitung
it	Liepard
it	Lileep
it	Lilligant
it	Lillipup
it	Linoone
it	Litleo
it	Litten
it	Litwick
it	Lokix
it	Lombre
it	Lopunny
it	Lotad
it	Loudred
it	Lucario
it	Ludicolo
it	Lugia
it	Lumineon
it	Lunala
it	Lunaruggente
it	Lunatone
it	Lurantis
it	Luvdisc
it	Luxio
it	Luxray
it	Lycanroc
it	Mabosstiff
it	Machamp
it	Machoke
it	Machop
it	Magby
it	Magcargo
it	Magearna
it	Magikarp
it	Magmar
it	Magmortar
it	Magnemite
it	Magneton
it	Magnezone
it	Makuhita
it	Malamar
it	Mamoswine
it	Manaphy
it	Mandibuzz
it	Manectric
it	Mankey
it	Manoferrea
it	Mantine
it	Mantyke
it	Maractus
it	Mareanie
it	Mareep
it	Marill
it	Marowak
it	Marshadow
it	Marshtomp
it	Maschiff
it	Masquerain
it	Massoferreo
it	Maushold
it	Mawile
it	Medicham
it	Meditite
it	Meganium
it	Melmetal
it	Meloetta
it	Meltan
it	Meowscarada
it	Meowstic
it	Meowth
it	Mesprit
it	Metagross
it	Metang
it	Metapod
it	Mew
it	Mewtwo
it	Mienfoo
it	Mienshao
it	Mightyena
it	Milcery
it	Milotic
it	Miltank
it	Mime Jr.
it	Mimikyu
it	Minccino
it	Minior
it	Minun
it	Miraidon
it	Misdreavus
it	Mismagius
it	Moltres
it	Monferno
it	Morelull
it	Morgrem
it	Morpeko
it	Mothim
it	Mr. Mime
it	Mr. Rime
it	Mudbray
it	Mudkip
it	Mudsdale
it	Muk
it	Munchlax
it	Munkidori
it	Munna
it	Murkrow
it	Musharna
it	Nacli
it	Naclstack
it	Naganadel
it	Natu
it	Necrozma
it	Nickit
it	Nidoking
it	Nidoqueen
it	Nidoran♀
it	Nidoran♂
it	Nidorina
it	Nidorino
it	Nihilego
it	Nincada
it	Ninetales
it	Ninjask
it	Noctowl
it	Noibat
it	Noivern
it	Nosepass
it	Numel
it	Nuzleaf
it	Nymble
it	Obstagoon
it	Octillery
it	Oddish
it	Ogerpon
it	Oinkologne
it	Okidogi
it	Omanyte
it	Omastar
it	Onix
it	Oranguru
it	Orbeetle
it	Oricorio
it	Orthworm
it	Oshawott
it	Overqwil
it	Pachirisu
it	Palafin
it	Palkia
it	Palossand
it	Palpitoad
it	Pancham
it	Pangoro
it	Panpour
it	Pansage
it	Pansear
it	Paras
it	Parasect
it	Passimian
it	Patrat
it	Pawmi
it	Pawmo
it	Pawmot
it	Pawniard
it	Pecharunt
it	Peldisabbia
it	Pelipper
it	Perrserker
it	Persian
it	Petilil
it	Phanpy
it	Phantump
it	Pheromosa
it	Phione
it	Pichu
it	Pidgeot
it	Pidgeotto
it	Pidgey
it	Pidove
it	Pignite
it	Pikachu
it	Pikipek
it	Piloswine
it	Pincurchin
it	Pineco
it	Pinsir
it	Piplup
it	Plusle
it	Poipole
it	Politoed
it	Poliwag
it	Poliwhirl
it	Poliwrath
it	Poltchageist
it	Polteageist
it	Ponyta
it	Poochyena
it	Popplio
it	Porygon
it	Porygon-Z
it	Porygon2
it	Primarina
it	Primeape
it	Prinplup
it	Probopass
it	Psyduck
it	Pumpkaboo
it	Pupitar
it	Purrloin
it	Purugly
it	Pyroar
it	Pyukumuku
it	Quagsire
it	Quaquaval
it	Quaxly
it	Quaxwell
it	Quilava
it	Quilladin
it	Qwilfish
it	Raboot
it	Rabsca
it	Raichu
it	Raikou
it	Ralts
it	Rampardos
it	Rapidash
it	Raticate
it	Rattata
it	Rayquaza
it	Regice
it	Regidrago
it	Regieleki
it	Regigigas
it	Regirock
it	Registeel
it	Relicanth
it	Rellor
it	Remoraid
it	Reshiram
it	Reuniclus
it	Revavroom
it	Rhydon
it	Rhyhorn
it	Rhyperior
it	Ribombee
it	Rillaboom
it	Riolu
it	Rockruff
it	Roggenrola
it	Rolycoly
it	Rookidee
it	Roselia
it	Roserade
it	Rotom
it	Rowlet
it	Rufflet
it	Runerigus
it	Sableye
it	Saccoferreo
it	Salamence
it	Salandit
it	Salazzle
it	Samurott
it	Sandaconda
it	Sandile
it	Sandshrew
it	Sandslash
it	Sandygast
it	Sawk
it	Sawsbuck
it	Scatterbug
it	Sceptile
it	Scizor
it	Scolipede
it	Scorbunny
it	Scovillain
it	Scrafty
it	Scraggy
it	Scyther
it	Seadra
it	Seaking
it	Sealeo
it	Seedot
it	Seel
it	Seismitoad
it	Sentret
it	Serperior
it	Servine
it	Seviper
it	Sewaddle
it	Sharpedo
it	Shaymin
it	Shedinja
it	Shelgon
it	Shellder
it	Shellos
it	Shelmet
it	Shieldon
it	Shiftry
it	Shiinotic
it	Shinx
it	Shroodle
it	Shroomish
it	Shuckle
it	Shuppet
it	Sigilyph
it	Silcoon
it	Silicobra
it	Silvally
it	Simipour
it	Simisage
it	Simisear
it	Sinistcha
it	Sinistea
it	Sirfetch’d
it	Sizzlipede
it	Skarmory
it	Skeledirge
it	Skiddo
it	Skiploom
it	Skitty
it	Skorupi
it	Skrelp
it	Skuntank
it	Skwovet
it	Slaking
it	Slakoth
it	Sliggoo
it	Slowbro
it	Slowking
it	Slowpoke
it	Slugma
it	Slurpuff
it	Smeargle
it	Smoliv
it	Smoochum
it	Sneasel
it	Sneasler
it	Snivy
it	Snom
it	Snorlax
it	Snorunt
it	Snover
it	Snubbull
it	Sobble
it	Solcoferreo
it	Solgaleo
it	Solosis
it	Solrock
it	Spearow
it	Spectrier
it	Spewpa
it	Spheal
it	Spidops
it	Spinarak
it	Spinda
it	Spineferree
it	Spiritomb
it	Spoink
it	Sprigatito
it	Spritzee
it	Squawkabilly
it	Squirtle
it	Stakataka
it	Stantler
it	Staraptor
it	Staravia
it	Starly
it	Starmie
it	Staryu
it	Steelix
it	Steenee
it	Stonjourner
it	Stoutland
it	Stufful
it	Stunfisk
it	Stunky
it	Sudowoodo
it	Suicune
it	Sunflora
it	Sunkern
it	Surskit
it	Swablu
it	Swadloon
it	Swalot
it	Swampert
it	Swanna
it	Swellow
it	Swinub
it	Swirlix
it	Swoobat
it	Sylveon
it	Tadbulb
it	Taillow
it	Talonflame
it	Tandemaus
it	Tangela
it	Tangrowth
it	Tapu Bulu
it	Tapu Fini
it	Tapu Koko
it	Tapu Lele
it	Tarountula
it	Tatsugiri
it	Tauros
it	Teddiursa
it	Tentacool
it	Tentacruel
it	Tepig
it	Terapagos
it	Terrakion
it	Thievul
it	Throh
it	Thundurus
it	Thwackey
it	Timburr
it	Ting-Lu
it	Tinkatink
it	Tinkaton
it	Tinkatuff
it	Tipo Zero
it	Tirtouga
it	Toedscool
it	Toedscruel
it	Togedemaru
it	Togekiss
it	Togepi
it	Togetic
it	Torchic
it	Torkoal
it	Tornadus
it	Torracat
it	Torterra
it	Totodile
it	Toucannon
it	Toxapex
it	Toxel
it	Toxicroak
it	Toxtricity
it	Tranquill
it	Trapinch
it	Treecko
it	Trevenant
it	Tropius
it	Trubbish
it	Trumbeak
it	Tsareena
it	Turtonator
it	Turtwig
it	Tympole
it	Tynamo
it	Typhlosion
it	Tyranitar
it	Tyrantrum
it	Tyrogue
it	Tyrunt
it	Umbreon
it	Unfezant
it	Unown
it	Ursaluna
it	Ursaring
it	Urshifu
it	Uxie
it	Vampeaguzze
it	Vanillish
it	Vanillite
it	Vanilluxe
it	Vaporeon
it	Varoom
it	Veluza
it	Venipede
it	Venomoth
it	Venonat
it	Venusaur
it	Vespiquen
it	Vibrava
it	Victini
it	Victreebel
it	Vigoroth
it	Vikavolt
it	Vileplume
it	Virizion
it	Vivillon
it	Volbeat
it	Volcanion
it	Volcarona
it	Voltorb
it	Vullaby
it	Vulpix
it	Wailmer
it	Wailord
it	Walrein
it	Wartortle
it	Watchog
it	Wattrel
it	Weavile
it	Weedle
it	Weepinbell
it	Weezing
it	Whimsicott
it	Whirlipede
it	Whiscash
it	Whismur
it	Wigglytuff
it	Wiglett
it	Wimpod
it	Wingull
it	Wishiwashi
it	Wo-Chien
it	Wobbuffet
it	Woobat
it	Wooloo
it	Wooper
it	Wormadam
it	Wugtrio
it	Wurmple
it	Wynaut
it	Wyrdeer
it	Xatu
it	Xerneas
it	Xurkitree
it	Yamask
it	Yamper
it	Yanma
it	Yanmega
it	Yungoos
it	Yveltal
it	Zacian
it	Zamazenta
it	Zangoose
it	Zapdos
it	Zarude
it	Zebstrika
it	Zekrom
it	Zeraora
it	Zigzagoon
it	Zoroark
it	Zorua
it	Zubat
it	Zweilous
it	Zygarde
ja	アイアント
ja	アオガラス
ja	アギルダー
ja	アクジキング
ja	アグノム
ja	アゲハント
ja	アゴジムシ
ja	アサナン
ja	アシマリ
ja	アシレーヌ
ja	アズマオウ
ja	アチゲータ
ja	アチャモ
ja	アップリュー
ja	アノクサ
ja	アノプス
ja	アノホラグサ
ja	アバゴーラ
ja	アブソル
ja	アブリボン
ja	アブリー
ja	アマカジ
ja	アママイコ
ja	アマルス
ja	アマルルガ
ja	アマージョ
ja	アメタマ
ja	アメモース
ja	アヤシシ
ja	アラブルタケ
ja	アリアドス
ja	アリゲイツ
ja	アルクジラ
ja	アルセウス
ja	アンノーン
ja	アーケオス
ja	アーケン
ja	アーゴヨン
ja	アーボ
ja	アーボック
ja	アーマルド
ja	アーマーガア
ja	イイネイヌ
ja	イエッサン
ja	イオルブ
ja	イキリンコ
ja	イシズマイ
ja	イシツブテ
ja	イシヘンジン
ja	イダイトウ
ja	イダイナキバ
ja	イッカネズミ
ja	イトマル
ja	イノムー
ja	イベルタル
ja	イルカマン
ja	イルミーゼ
ja	イワパレス
ja	イワンコ
ja	イワーク
ja	インテレオン
ja	イーブイ
ja	イーユイ
ja	ウインディ
ja	ウェルカモ
ja	ウェーニバル
ja	ウォーグル
ja	ウオチルドン
ja	ウオノラゴン
ja	ウガツホムラ
ja	ウソッキー
ja	ウソハチ
ja	ウッウ
ja	ウツドン
ja	ウツボット
ja	ウツロイド
ja	ウデッポウ
ja	ウネルミナモ
ja	ウパー
ja	ウミディグダ
ja	ウミトリオ
ja	ウリムー
ja	ウルガモス
ja	ウーラオス
ja	ウールー
ja	エアームド
ja	エイパム
ja	エクスレッグ
ja	エテボース
ja	エネコ
ja	エネコロロ
ja	エビワラー
ja	エムリット
ja	エモンガ
ja	エリキテル
ja	エルフーン
ja	エルレイド
ja	エレキッド
ja	エレキブル
ja	エレザード
ja	エレズン
ja	エレブー
ja	エンテイ
ja	エンニュート
ja	エンブオー
ja	エンペルト
ja	エースバーン
ja	エーフィ
ja	オオスバメ
ja	オオタチ
ja	オオニューラ
ja	オクタン
ja	オコリザル
ja	オシャマリ
ja	オタチ
ja	オタマロ
ja	オトシドリ
ja	オトスパス
ja	オドシシ
ja	オドリドリ
ja	オニゴーリ
ja	オニシズクモ
ja	オニスズメ
ja	オニドリル
ja	オノノクス
ja	オノンド
ja	オムスター
ja	オムナイト
ja	オラチフ
ja	オリーニョ
ja	オリーヴァ
ja	オンバット
ja	オンバーン
ja	オーガポン
ja	オーダイル
ja	オーベム
ja	オーロット
ja	オーロンゲ
ja	カイオーガ
ja	カイデン
ja	カイリキー
ja	カイリュー
ja	カイロス
ja	カエンジシ
ja	カクレオン
ja	カゲボウズ
ja	カジッチュ
ja	カジリガメ
ja	カチコール
ja	カヌチャン
ja	カバルドン
ja	カビゴン
ja	カブト
ja	カブトプス
ja	カブルモ
ja	カプサイジ
ja	カプ・コケコ
ja	カプ・テテフ
ja	カプ・ブルル
ja	カプ・レヒレ
ja	カポエラー
ja	カマスジョー
ja	カミッチュ
ja	カミツオロチ
ja	カミツルギ
ja	カムカメ
ja	カメックス
ja	カメテテ
ja	カメール
ja	カモネギ
ja	カラカラ
ja	カラサリス
ja	カラナクシ
ja	カラマネロ
ja	カラミンゴ
ja	カリキリ
ja	カルボウ
ja	ガオガエン
ja	ガケガニ
ja	ガチグマ
ja	ガチゴラス
ja	ガバイト
ja	ガブリアス
ja	ガマガル
ja	ガマゲロゲ
ja	ガメノデス
ja	ガラガラ
ja	ガルーラ
ja	ガントル
ja	ガーディ
ja	ガーメイル
ja	キチキギス
ja	キテルグマ
ja	キノガッサ
ja	キノココ
ja	キバゴ
ja	キバニア
ja	キマワリ
ja	キモリ
ja	キャタピー
ja	キャモメ
ja	キュウコン
ja	キュレム
ja	キュワワー
ja	キョジオーン
ja	キラフロル
ja	キラーメ
ja	キリキザン
ja	キリンリキ
ja	キルリア
ja	キレイハナ
ja	キングドラ
ja	キングラー
ja	ギアル
ja	ギガイアス
ja	ギギアル
ja	ギギギアル
ja	ギモー
ja	ギャラドス
ja	ギャロップ
ja	ギラティナ
ja	ギルガルド
ja	クイタラン
ja	クエスパトラ
ja	クサイハナ
ja	クスネ
ja	クズモー
ja	クチート
ja	クヌギダマ
ja	クマシュン
ja	クラブ
ja	クリムガン
ja	クルマユ
ja	クルミル
ja	クレセリア
ja	クレッフィ
ja	クレベース
ja	クロバット
ja	クワガノン
ja	クワッス
ja	グソクムシャ
ja	グライオン
ja	グライガー
ja	グラエナ
ja	グランブル
ja	グラードン
ja	グルトン
ja	グレイシア
ja	グレッグル
ja	グレンアルマ
ja	ケイコウオ
ja	ケケンカニ
ja	ケッキング
ja	ケムッソ
ja	ケララッパ
ja	ケルディオ
ja	ケロマツ
ja	ケンタロス
ja	ケンホロウ
ja	ケーシィ
ja	ゲコガシラ
ja	ゲッコウガ
ja	ゲノセクト
ja	ゲンガー
ja	コアルヒー
ja	コイキング
ja	コイル
ja	コオリッポ
ja	コクーン
ja	ココガラ
ja	ココドラ
ja	ココロモリ
ja	コジオ
ja	コジョフー
ja	コジョンド
ja	コスモウム
ja	コスモッグ
ja	コソクムシ
ja	コダック
ja	コドラ
ja	コノハナ
ja	コノヨザル
ja	コバルオン
ja	コフキムシ
ja	コフーライ
ja	コマタナ
ja	コモルー
ja	コライドン
ja	コラッタ
ja	コリンク
ja	コレクレー
ja	コロトック
ja	コロボーシ
ja	コロモリ
ja	コンパン
ja	コータス
ja	ゴウカザル
ja	ゴクリン
ja	ゴチミル
ja	ゴチム
ja	ゴチルゼル
ja	ゴニョニョ
ja	ゴビット
ja	ゴマゾウ
ja	ゴリランダー
ja	ゴルダック
ja	ゴルバット
ja	ゴルーグ
ja	ゴロンダ
ja	ゴローニャ
ja	ゴローン
ja	ゴンベ
ja	ゴーゴート
ja	ゴース
ja	ゴースト
ja	ゴーリキー
ja	サイドン
ja	サイホーン
ja	サクラビス
ja	サケブシッポ
ja	サザンドラ
ja	サシカマス
ja	サダイジャ
ja	サッチムシ
ja	サナギラス
ja	サニゴーン
ja	サニーゴ
ja	サボネア
ja	サマヨール
ja	サメハダー
ja	サルノリ
ja	サワムラー
ja	サンダー
ja	サンダース
ja	サンド
ja	サンドパン
ja	サーナイト
ja	サーフゴー
ja	ザシアン
ja	ザマゼンタ
ja	ザルード
ja	ザングース
ja	シェイミ
ja	シェルダー
ja	シガロコ
ja	シキジカ
ja	シザリガー
ja	シシコ
ja	シズクモ
ja	シビシラス
ja	シビビール
ja	シビルドン
ja	シママ
ja	シャリタツ
ja	シャワーズ
ja	シャンデラ
ja	シュシュプ
ja	シュバルゴ
ja	シルシュルー
ja	シルヴァディ
ja	シロデスナ
ja	シンボラー
ja	シードラ
ja	ジオヅム
ja	ジガルデ
ja	ジグザグマ
ja	ジジーロン
ja	ジバコイル
ja	ジヘッド
ja	ジメレオン
ja	ジャノビー
ja	ジャラコ
ja	ジャラランガ
ja	ジャランゴ
ja	ジャローダ
ja	ジュカイン
ja	ジュゴン
ja	ジュナイパー
ja	ジュプトル
ja	ジュペッタ
ja	ジュラルドン
ja	ジラーチ
ja	ジーランス
ja	スイクン
ja	スカタンク
ja	スカンプー
ja	スコルピ
ja	スコヴィラン
ja	スターミー
ja	ストライク
ja	ストリンダー
ja	スナノケガワ
ja	スナバァ
ja	スナヘビ
ja	スバメ
ja	スピアー
ja	スボミー
ja	スリーパー
ja	スリープ
ja	スワンナ
ja	ズガイドス
ja	ズガドーン
ja	ズバット
ja	ズピカ
ja	ズルズキン
ja	ズルッグ
ja	セキタンザン
ja	セグレイブ
ja	セゴール
ja	セビエ
ja	セレビィ
ja	ゼクロム
ja	ゼニガメ
ja	ゼブライカ
ja	ゼラオラ
ja	ゼルネアス
ja	ソウブレイズ
ja	ソルガレオ
ja	ソルロック
ja	ソーナノ
ja	ソーナンス
ja	ゾウドウ
ja	ゾロア
ja	ゾロアーク
ja	タイカイデン
ja	タイプ：ヌル
ja	タイレーツ
ja	タギングル
ja	タケルライコ
ja	タタッコ
ja	タチフサグマ
ja	タッツー
ja	タツベイ
ja	タテトプス
ja	タネボー
ja	タブンネ
ja	タマゲタケ
ja	タマザラシ
ja	タマタマ
ja	タマンタ
ja	タマンチュラ
ja	タルップル
ja	タンドン
ja	ダイオウドウ
ja	ダイケンキ
ja	ダイノーズ
ja	ダクマ
ja	ダグトリオ
ja	ダゲキ
ja	ダストダス
ja	ダダリン
ja	ダブラン
ja	ダルマッカ
ja	ダンゴロ
ja	ダンバル
ja	ダークライ
ja	ダーテング
ja	チェリム
ja	チェリンボ
ja	チオンジェン
ja	チコリータ
ja	チゴラス
ja	チャオブー
ja	チャデス
ja	チャーレム
ja	チュリネ
ja	チョボマキ
ja	チョロネコ
ja	チョンチー
ja	チラチーノ
ja	チラーミィ
ja	チリーン
ja	チルタリス
ja	チルット
ja	チヲハウハネ
ja	ツタージャ
ja	ツチニン
ja	ツツケラ
ja	ツボツボ
ja	ツンデツンデ
ja	ツンベアー
ja	テッカグヤ
ja	テッカニン
ja	テッシード
ja	テッポウオ
ja	テツノイサハ
ja	テツノイバラ
ja	テツノイワオ
ja	テツノカイナ
ja	テツノカシラ
ja	テツノコウベ
ja	テツノツツミ
ja	テツノドクガ
ja	テツノブジン
ja	テツノワダチ
ja	テブリム
ja	テラキオン
ja	テラパゴス
ja	テールナー
ja	ディアルガ
ja	ディアンシー
ja	ディグダ
ja	ディンルー
ja	デオキシス
ja	デカグース
ja	デカヌチャン
ja	デスカーン
ja	デスバーン
ja	デスマス
ja	デデンネ
ja	デリバード
ja	デルビル
ja	デンジュモク
ja	デンチュラ
ja	デンヂムシ
ja	デンリュウ
ja	トゲキッス
ja	トゲチック
ja	トゲデマル
ja	トゲピー
ja	トサキント
ja	トドグラー
ja	トドゼルガ
ja	トドロクツキ
ja	トランセル
ja	トリデプス
ja	トリトドン
ja	トリミアン
ja	トルネロス
ja	トロッゴン
ja	トロピウス
ja	ドオー
ja	ドガース
ja	ドククラゲ
ja	ドクケイル
ja	ドクロッグ
ja	ドゴーム
ja	ドサイドン
ja	ドジョッチ
ja	ドダイトス
ja	ドッコラー
ja	ドテッコツ
ja	ドデカバシ
ja	ドドゲザン
ja	ドヒドイデ
ja	ドラパルト
ja	ドラピオン
ja	ドラミドロ
ja	ドラメシヤ
ja	ドリュウズ
ja	ドレディア
ja	ドロバンコ
ja	ドロンチ
ja	ドンカラス
ja	ドンファン
ja	ドンメル
ja	ドータクン
ja	ドードリオ
ja	ドードー
ja	ドーブル
ja	ドーミラー
ja	ナエトル
ja	ナカヌチャン
ja	ナゲキ
ja	ナゲツケサル
ja	ナゾノクサ
ja	ナックラー
ja	ナッシー
ja	ナットレイ
ja	ナマケロ
ja	ナマコブシ
ja	ナマズン
ja	ナミイルカ
ja	ニダンギル
ja	ニドキング
ja	ニドクイン
ja	ニドラン♀
ja	ニドラン♂
ja	ニドリーナ
ja	ニドリーノ
ja	ニャイキング
ja	ニャオニクス
ja	ニャオハ
ja	ニャスパー
ja	ニャヒート
ja	ニャビー
ja	ニャルマー
ja	ニャローテ
ja	ニャース
ja	ニューラ
ja	ニョロゾ
ja	ニョロトノ
ja	ニョロボン
ja	ニョロモ
ja	ニンフィア
ja	ヌイコグマ
ja	ヌオー
ja	ヌケニン
ja	ヌマクロー
ja	ヌメイル
ja	ヌメラ
ja	ヌメルゴン
ja	ネイティ
ja	ネイティオ
ja	ネオラント
ja	ネギガナイト
ja	ネクロズマ
ja	ネッコアラ
ja	ネマシュ
ja	ネンドール
ja	ノクタス
ja	ノココッチ
ja	ノコッチ
ja	ノズパス
ja	ノノクラゲ
ja	ハカドッグ
ja	ハガネール
ja	ハギギシリ
ja	ハクリュー
ja	ハスブレロ
ja	ハスボー
ja	ハッサム
ja	ハトーボー
ja	ハネッコ
ja	ハハコモリ
ja	ハバタクカミ
ja	ハピナス
ja	ハブネーク
ja	ハヤシガメ
ja	ハラバリー
ja	ハリテヤマ
ja	ハリボーグ
ja	ハリマロン
ja	ハリーセン
ja	ハリーマン
ja	ハルクジラ
ja	ハンテール
ja	ハーデリア
ja	バイウールー
ja	バイバニラ
ja	バウッツェル
ja	バオッキー
ja	バオップ
ja	バクオング
ja	バクガメス
ja	バクフーン
ja	バクーダ
ja	バケッチャ
ja	バサギリ
ja	バシャーモ
ja	バスラオ
ja	バタフリー
ja	バチュル
ja	バチンウニ
ja	バチンキー
ja	バッフロン
ja	バドレックス
ja	バニプッチ
ja	バニリッチ
ja	バネブー
ja	バリコオル
ja	バリヤード
ja	バルキー
ja	バルジーナ
ja	バルチャイ
ja	バルビート
ja	バンギラス
ja	バンバドロ
ja	パウワウ
ja	パオジアン
ja	パチリス
ja	パッチラゴン
ja	パッチルドン
ja	パッチール
ja	パピモッチ
ja	パフュートン
ja	パモ
ja	パモット
ja	パラス
ja	パラセクト
ja	パルキア
ja	パルシェン
ja	パルスワン
ja	パンプジン
ja	パーモット
ja	パールル
ja	ヒコザル
ja	ヒトカゲ
ja	ヒトツキ
ja	ヒトデマン
ja	ヒトモシ
ja	ヒドイデ
ja	ヒノアラシ
ja	ヒノヤコマ
ja	ヒバニー
ja	ヒヒダルマ
ja	ヒポポタス
ja	ヒマナッツ
ja	ヒメグマ
ja	ヒメンカ
ja	ヒヤッキー
ja	ヒヤップ
ja	ヒラヒナ
ja	ヒンバス
ja	ヒードラン
ja	ビクティニ
ja	ビッパ
ja	ビビヨン
ja	ビブラーバ
ja	ビリジオン
ja	ビリリダマ
ja	ビークイン
ja	ビーダル
ja	ビードル
ja	ピィ
ja	ピカチュウ
ja	ピクシー
ja	ピジョット
ja	ピジョン
ja	ピチュー
ja	ピッピ
ja	ピンプク
ja	ファイアロー
ja	ファイヤー
ja	フィオネ
ja	フェローチェ
ja	フォクスライ
ja	フォッコ
ja	フォレトス
ja	フカマル
ja	フクスロー
ja	フシギソウ
ja	フシギダネ
ja	フシギバナ
ja	フシデ
ja	フタチマル
ja	フライゴン
ja	フラエッテ
ja	フラベベ
ja	フラージェス
ja	フリーザー
ja	フリージオ
ja	フレフワン
ja	フローゼル
ja	フワライド
ja	フワンテ
ja	フーディン
ja	フーパ
ja	ブイゼル
ja	ブニャット
ja	ブビィ
ja	ブラッキー
ja	ブリガロン
ja	ブリザポス
ja	ブリジュラス
ja	ブリムオン
ja	ブルンゲル
ja	ブルー
ja	ブロスター
ja	ブロロローム
ja	ブロロン
ja	ブースター
ja	ブーバー
ja	ブーバーン
ja	ブーピッグ
ja	プクリン
ja	プテラ
ja	ププリン
ja	プラスル
ja	プリン
ja	プルリル
ja	プロトーガ
ja	ヘイガニ
ja	ヘイラッシャ
ja	ヘラクロス
ja	ヘルガー
ja	ベイリーフ
ja	ベトベター
ja	ベトベトン
ja	ベベノム
ja	ベラカス
ja	ベロバー
ja	ベロベルト
ja	ベロリンガ
ja	ペラップ
ja	ペリッパー
ja	ペルシアン
ja	ペロッパフ
ja	ペロリーム
ja	ペンドラー
ja	ホイーガ
ja	ホウオウ
ja	ホエルオー
ja	ホエルコ
ja	ホゲータ
ja	ホシガリス
ja	ホルビー
ja	ホルード
ja	ホーホー
ja	ボクレー
ja	ボスゴドラ
ja	ボチ
ja	ボルケニオン
ja	ボルトロス
ja	ボーマンダ
ja	ポカブ
ja	ポチエナ
ja	ポッタイシ
ja	ポッチャマ
ja	ポットデス
ja	ポッポ
ja	ポニータ
ja	ポポッコ
ja	ポリゴン
ja	ポリゴン２
ja	ポリゴンＺ
ja	ポワルン
ja	マイナン
ja	マギアナ
ja	マクノシタ
ja	マグカルゴ
ja	マグマッグ
ja	マグマラシ
ja	マケンカニ
ja	マシェード
ja	マシマシラ
ja	マスカーニャ
ja	マスキッパ
ja	マタドガス
ja	マダツボミ
ja	マッギョ
ja	マッシブーン
ja	マッスグマ
ja	マナフィ
ja	マニューラ
ja	マネネ
ja	マフィティフ
ja	マフォクシー
ja	マホイップ
ja	マホミル
ja	ママンボウ
ja	マメバッタ
ja	マメパト
ja	マユルド
ja	マラカッチ
ja	マリル
ja	マリルリ
ja	マルノーム
ja	マルマイン
ja	マルヤクデ
ja	マンキー
ja	マンタイン
ja	マンムー
ja	マーイーカ
ja	マーシャドー
ja	ミカルゲ
ja	ミガルーサ
ja	ミジュマル
ja	ミズゴロウ
ja	ミツハニー
ja	ミニリュウ
ja	ミニーブ
ja	ミネズミ
ja	ミノマダム
ja	ミノムッチ
ja	ミブリム
ja	ミミズズ
ja	ミミッキュ
ja	ミミロップ
ja	ミミロル
ja	ミュウ
ja	ミュウツー
ja	ミライドン
ja	ミルタンク
ja	ミルホッグ
ja	ミロカロス
ja	ムウマ
ja	ムウマージ
ja	ムクバード
ja	ムクホーク
ja	ムゲンダイナ
ja	ムシャーナ
ja	ムチュール
ja	ムックル
ja	ムンナ
ja	ムーランド
ja	メェークル
ja	メガニウム
ja	メガヤンマ
ja	メグロコ
ja	メタグロス
ja	メタモン
ja	メタング
ja	メッソン
ja	メテノ
ja	メノクラゲ
ja	メブキジカ
ja	メラルバ
ja	メリープ
ja	メルタン
ja	メルメタル
ja	メレシー
ja	メロエッタ
ja	モウカザル
ja	モクロー
ja	モグリュー
ja	モココ
ja	モジャンボ
ja	モスノウ
ja	モトトカゲ
ja	モノズ
ja	モモワロウ
ja	モルフォン
ja	モルペコ
ja	モロバレル
ja	モンジャラ
ja	モンメン
ja	ヤクデ
ja	ヤジロン
ja	ヤトウモリ
ja	ヤドキング
ja	ヤドラン
ja	ヤドン
ja	ヤナッキー
ja	ヤナップ
ja	ヤバソチャ
ja	ヤバチャ
ja	ヤブクロン
ja	ヤミカラス
ja	ヤミラミ
ja	ヤヤコマ
ja	ヤルキモノ
ja	ヤレユータン
ja	ヤングース
ja	ヤンチャム
ja	ヤンヤンマ
ja	ユキカブリ
ja	ユキノオー
ja	ユキハミ
ja	ユキメノコ
ja	ユキワラシ
ja	ユクシー
ja	ユニラン
ja	ユレイドル
ja	ユンゲラー
ja	ヨクバリス
ja	ヨノワール
ja	ヨマワル
ja	ヨルノズク
ja	ヨワシ
ja	ヨーギラス
ja	ヨーテリー
ja	ライコウ
ja	ライチュウ
ja	ライボルト
ja	ラウドボーン
ja	ラクライ
ja	ラグラージ
ja	ラッキー
ja	ラッタ
ja	ラティアス
ja	ラティオス
ja	ラビフット
ja	ラフレシア
ja	ラブカス
ja	ラブトロス
ja	ラプラス
ja	ラムパルド
ja	ラランテス
ja	ラルトス
ja	ランクルス
ja	ランターン
ja	ランドロス
ja	ランプラー
ja	リオル
ja	リキキリン
ja	リククラゲ
ja	リグレー
ja	リザード
ja	リザードン
ja	リリーラ
ja	リングマ
ja	リーシャン
ja	リーフィア
ja	ルカリオ
ja	ルガルガン
ja	ルギア
ja	ルクシオ
ja	ルチャブル
ja	ルナアーラ
ja	ルナトーン
ja	ルリリ
ja	ルンパッパ
ja	ルージュラ
ja	レアコイル
ja	レイスポス
ja	レシラム
ja	レジアイス
ja	レジエレキ
ja	レジギガス
ja	レジスチル
ja	レジドラゴ
ja	レジロック
ja	レックウザ
ja	レディアン
ja	レディバ
ja	レドームシ
ja	レパルダス
ja	レントラー
ja	ロコン
ja	ロズレイド
ja	ロゼリア
ja	ロトム
ja	ローブシン
ja	ワカシャモ
ja	ワシボン
ja	ワタシラガ
ja	ワタッコ
ja	ワッカネズミ
ja	ワナイダー
ja	ワニノコ
ja	ワルビアル
ja	ワルビル
ja	ワンパチ
ja	ワンリキー
ja-hrkt	アイアント
ja-hrkt	アオガラス
ja-hrkt	アギルダー
ja-hrkt	アクジキング
ja-hrkt	アグノム
ja-hrkt	アゲハント
ja-hrkt	アゴジムシ
ja-hrkt	アサナン
ja-hrkt	アシマリ
ja-hrkt	アシレーヌ
ja-hrkt	アズマオウ
ja-hrkt	アチゲータ
ja-hrkt	アチャモ
ja-hrkt	アップリュー
ja-hrkt	アノクサ
ja-hrkt	アノプス
ja-hrkt	アノホラグサ
ja-hrkt	アバゴーラ
ja-hrkt	アブソル
ja-hrkt	アブリボン
ja-hrkt	アブリー
ja-hrkt	アマカジ
ja-hrkt	アママイコ
ja-hrkt	アマルス
ja-hrkt	アマルルガ
ja-hrkt	アマージョ
ja-hrkt	アメタマ
ja-hrkt	アメモース
ja-hrkt	アヤシシ
ja-hrkt	アラブルタケ
ja-hrkt	アリアドス
ja-hrkt	アリゲイツ
ja-hrkt	アルクジラ
ja-hrkt	アルセウス
ja-hrkt	アンノーン
ja-hrkt	アーケオス
ja-hrkt	アーケン
ja-hrkt	アーゴヨン
ja-hrkt	アーボ
ja-hrkt	アーボック
ja-hrkt	アーマルド
ja-hrkt	アーマーガア
ja-hrkt	イイネイヌ
ja-hrkt	イエッサン
ja-hrkt	イオルブ
ja-hrkt	イキリンコ
ja-hrkt	イシズマイ
ja-hrkt	イシツブテ
ja-hrkt	イシヘンジン
ja-hrkt	イダイトウ
ja-hrkt	イダイナキバ
ja-hrkt	イッカネズミ
ja-hrkt	イトマル
ja-hrkt	イノムー
ja-hrkt	イベルタル
ja-hrkt	イルカマン
ja-hrkt	イルミーゼ
ja-hrkt	イワパレス
ja-hrkt	イワンコ
ja-hrkt	イワーク
ja-hrkt	インテレオン
ja-hrkt	イーブイ
ja-hrkt	イーユイ
ja-hrkt	ウインディ
ja-hrkt	ウェルカモ
ja-hrkt	ウェーニバル
ja-hrkt	ウォーグル
ja-hrkt	ウオチルドン
ja-hrkt	ウオノラゴン
ja-hrkt	ウガツホムラ
ja-hrkt	ウソッキー
ja-hrkt	ウソハチ
ja-hrkt	ウッウ
ja-hrkt	ウツドン
ja-hrkt	ウツボット
ja-hrkt	ウツロイド
ja-hrkt	ウデッポウ
ja-hrkt	ウネルミナモ
ja-hrkt	ウパー
ja-hrkt	ウミディグダ
ja-hrkt	ウミトリオ
ja-hrkt	ウリムー
ja-hrkt	ウルガモス
ja-hrkt	ウーラオス
ja-hrkt	ウールー
ja-hrkt	エアームド
ja-hrkt	エイパム
ja-hrkt	エクスレッグ
ja-hrkt	エテボース
ja-hrkt	エネコ
ja-hrkt	エネコロロ
ja-hrkt	エビワラー
ja-hrkt	エムリット
ja-hrkt	エモンガ
ja-hrkt	エリキテル
ja-hrkt	エルフーン
ja-hrkt	エルレイド
ja-hrkt	エレキッド
ja-hrkt	エレキブル
ja-hrkt	エレザード
ja-hrkt	エレズン
ja-hrkt	エレブー
ja-hrkt	エンテイ
ja-hrkt	エンニュート
ja-hrkt	エンブオー
ja-hrkt	エンペルト
ja-hrkt	エースバーン
ja-hrkt	エーフィ
ja-hrkt	オオスバメ
ja-hrkt	オオタチ
ja-hrkt	オオニューラ
ja-hrkt	オクタン
ja-hrkt	オコリザル
ja-hrkt	オシャマリ
ja-hrkt	オタチ
ja-hrkt	オタマロ
ja-hrkt	オトシドリ
ja-hrkt	オトスパス
ja-hrkt	オドシシ
ja-hrkt	オドリドリ
ja-hrkt	オニゴーリ
ja-hrkt	オニシズクモ
ja-hrkt	オニスズメ
ja-hrkt	オニドリル
ja-hrkt	オノノクス
ja-hrkt	オノンド
ja-hrkt	オムスター
ja-hrkt	オムナイト
ja-hrkt	オラチフ
ja-hrkt	オリーニョ
ja-hrkt	オリーヴァ
ja-hrkt	オンバット
ja-hrkt	オンバーン
ja-hrkt	オーガポン
ja-hrkt	オーダイル
ja-hrkt	オーベム
ja-hrkt	オーロット
ja-hrkt	オーロンゲ
ja-hrkt	カイオーガ
ja-hrkt	カイデン
ja-hrkt	カイリキー
ja-hrkt	カイリュー
ja-hrkt	カイロス
ja-hrkt	カエンジシ
ja-hrkt	カクレオン
ja-hrkt	カゲボウズ
ja-hrkt	カジッチュ
ja-hrkt	カジリガメ
ja-hrkt	カチコール
ja-hrkt	カヌチャン
ja-hrkt	カバルドン
ja-hrkt	カビゴン
ja-hrkt	カブト
ja-hrkt	カブトプス
ja-hrkt	カブルモ
ja-hrkt	カプサイジ
ja-hrkt	カプ・コケコ
ja-hrkt	カプ・テテフ
ja-hrkt	カプ・ブルル
ja-hrkt	カプ・レヒレ
ja-hrkt	カポエラー
ja-hrkt	カマスジョー
ja-hrkt	カミッチュ
ja-hrkt	カミツオロチ
ja-hrkt	カミツルギ
ja-hrkt	カムカメ
ja-hrkt	カメックス
ja-hrkt	カメテテ
ja-hrkt	カメール
ja-hrkt	カモネギ
ja-hrkt	カラカラ
ja-hrkt	カラサリス
ja-hrkt	カラナクシ
ja-hrkt	カラマネロ
ja-hrkt	カラミンゴ
ja-hrkt	カリキリ
ja-hrkt	カルボウ
ja-hrkt	ガオガエン
ja-hrkt	ガケガニ
ja-hrkt	ガチグマ
ja-hrkt	ガチゴラス
ja-hrkt	ガバイト
ja-hrkt	ガブリアス
ja-hrkt	ガマガル
ja-hrkt	ガマゲロゲ
ja-hrkt	ガメノデス
ja-hrkt	ガラガラ
ja-hrkt	ガルーラ
ja-hrkt	ガントル
ja-hrkt	ガーディ
ja-hrkt	ガーメイル
ja-hrkt	キチキギス
ja-hrkt	キテルグマ
ja-hrkt	キノガッサ
ja-hrkt	キノココ
ja-hrkt	キバゴ
ja-hrkt	キバニア
ja-hrkt	キマワリ
ja-hrkt	キモリ
ja-hrkt	キャタピー
ja-hrkt	キャモメ
ja-hrkt	キュウコン
ja-hrkt	キュレム
ja-hrkt	キュワワー
ja-hrkt	キョジオーン
ja-hrkt	キラフロル
ja-hrkt	キラーメ
ja-hrkt	キリキザン
ja-hrkt	キリンリキ
ja-hrkt	キルリア
ja-hrkt	キレイハナ
ja-hrkt	キングドラ
ja-hrkt	キングラー
ja-hrkt	ギアル
ja-hrkt	ギガイアス
ja-hrkt	ギギアル
ja-hrkt	ギギギアル
ja-hrkt	ギモー
ja-hrkt	ギャラドス
ja-hrkt	ギャロップ
ja-hrkt	ギラティナ
ja-hrkt	ギルガルド
ja-hrkt	クイタラン
ja-hrkt	クエスパトラ
ja-hrkt	クサイハナ
ja-hrkt	クスネ
ja-hrkt	クズモー
ja-hrkt	クチート
ja-hrkt	クヌギダマ
ja-hrkt	クマシュン
ja-hrkt	クラブ
ja-hrkt	クリムガン
ja-hrkt	クルマユ
ja-hrkt	クルミル
ja-hrkt	クレセリア
ja-hrkt	クレッフィ
ja-hrkt	クレベース
ja-hrkt	クロバット
ja-hrkt	クワガノン
ja-hrkt	クワッス
ja-hrkt	グソクムシャ
ja-hrkt	グライオン
ja-hrkt	グライガー
ja-hrkt	グラエナ
ja-hrkt	グランブル
ja-hrkt	グラードン
ja-hrkt	グルトン
ja-hrkt	グレイシア
ja-hrkt	グレッグル
ja-hrkt	グレンアルマ
ja-hrkt	ケイコウオ
ja-hrkt	ケケンカニ
ja-hrkt	ケッキング
ja-hrkt	ケムッソ
ja-hrkt	ケララッパ
ja-hrkt	ケルディオ
ja-hrkt	ケロマツ
ja-hrkt	ケンタロス
ja-hrkt	ケンホロウ
ja-hrkt	ケーシィ
ja-hrkt	ゲコガシラ
ja-hrkt	ゲッコウガ
ja-hrkt	ゲノセクト
ja-hrkt	ゲンガー
ja-hrkt	コアルヒー
ja-hrkt	コイキング
ja-hrkt	コイル
ja-hrkt	コオリッポ
ja-hrkt	コクーン
ja-hrkt	ココガラ
ja-hrkt	ココドラ
ja-hrkt	ココロモリ
ja-hrkt	コジオ
ja-hrkt	コジョフー
ja-hrkt	コジョンド
ja-hrkt	コスモウム
ja-hrkt	コスモッグ
ja-hrkt	コソクムシ
ja-hrkt	コダック
ja-hrkt	コドラ
ja-hrkt	コノハナ
ja-hrkt	コノヨザル
ja-hrkt	コバルオン
ja-hrkt	コフキムシ
ja-hrkt	コフーライ
ja-hrkt	コマタナ
ja-hrkt	コモルー
ja-hrkt	コライドン
ja-hrkt	コラッタ
ja-hrkt	コリンク
ja-hrkt	コレクレー
ja-hrkt	コロトック
ja-hrkt	コロボーシ
ja-hrkt	コロモリ
ja-hrkt	コンパン
ja-hrkt	コータス
ja-hrkt	ゴウカザル
ja-hrkt	ゴクリン
ja-hrkt	ゴチミル
ja-hrkt	ゴチム
ja-hrkt	ゴチルゼル
ja-hrkt	ゴニョニョ
ja-hrkt	ゴビット
ja-hrkt	ゴマゾウ
ja-hrkt	ゴリランダー
ja-hrkt	ゴルダック
ja-hrkt	ゴルバット
ja-hrkt	ゴルーグ
ja-hrkt	ゴロンダ
ja-hrkt	ゴローニャ
ja-hrkt	ゴローン
ja-hrkt	ゴンベ
ja-hrkt	ゴーゴート
ja-hrkt	ゴース
ja-hrkt	ゴースト
ja-hrkt	ゴーリキー
ja-hrkt	サイドン
ja-hrkt	サイホーン
ja-hrkt	サクラビス
ja-hrkt	サケブシッポ
ja-hrkt	サザンドラ
ja-hrkt	サシカマス
ja-hrkt	サダイジャ
ja-hrkt	サッチムシ
ja-hrkt	サナギラス
ja-hrkt	サニゴーン
ja-hrkt	サニーゴ
ja-hrkt	サボネア
ja-hrkt	サマヨール
ja-hrkt	サメハダー
ja-hrkt	サルノリ
ja-hrkt	サワムラー
ja-hrkt	サンダー
ja-hrkt	サンダース
ja-hrkt	サンド
ja-hrkt	サンドパン
ja-hrkt	サーナイト
ja-hrkt	サーフゴー
ja-hrkt	ザシアン
ja-hrkt	ザマゼンタ
ja-hrkt	ザルード
ja-hrkt	ザングース
ja-hrkt	シェイミ
ja-hrkt	シェルダー
ja-hrkt	シガロコ
ja-hrkt	シキジカ
ja-hrkt	シザリガー
ja-hrkt	シシコ
ja-hrkt	シズクモ
ja-hrkt	シビシラス
ja-hrkt	シビビール
ja-hrkt	シビルドン
ja-hrkt	シママ
ja-hrkt	シャリタツ
ja-hrkt	シャワーズ
ja-hrkt	シャンデラ
ja-hrkt	シュシュプ
ja-hrkt	シュバルゴ
ja-hrkt	シルシュルー
ja-hrkt	シルヴァディ
ja-hrkt	シロデスナ
ja-hrkt	シンボラー
ja-hrkt	シードラ
ja-hrkt	ジオヅム
ja-hrkt	ジガルデ
ja-hrkt	ジグザグマ
ja-hrkt	ジジーロン
ja-hrkt	ジバコイル
ja-hrkt	ジヘッド
ja-hrkt	ジメレオン
ja-hrkt	ジャノビー
ja-hrkt	ジャラコ
ja-hrkt	ジャラランガ
ja-hrkt	ジャランゴ
ja-hrkt	ジャローダ
ja-hrkt	ジュカイン
ja-hrkt	ジュゴン
ja-hrkt	ジュナイパー
ja-hrkt	ジュプトル
ja-hrkt	ジュペッタ
ja-hrkt	ジュラルドン
ja-hrkt	ジラーチ
ja-hrkt	ジーランス
ja-hrkt	スイクン
ja-hrkt	スカタンク
ja-hrkt	スカンプー
ja-hrkt	スコルピ
ja-hrkt	スコヴィラン
ja-hrkt	スターミー
ja-hrkt	ストライク
ja-hrkt	ストリンダー
ja-hrkt	スナノケガワ
ja-hrkt	スナバァ
ja-hrkt	スナヘビ
ja-hrkt	スバメ
ja-hrkt	スピアー
ja-hrkt	スボミー
ja-hrkt	スリーパー
ja-hrkt	スリープ
ja-hrkt	スワンナ
ja-hrkt	ズガイドス
ja-hrkt	ズガドーン
ja-hrkt	ズバット
ja-hrkt	ズピカ
ja-hrkt	ズルズキン
ja-hrkt	ズルッグ
ja-hrkt	セキタンザン
ja-hrkt	セグレイブ
ja-hrkt	セゴール
ja-hrkt	セビエ
ja-hrkt	セレビィ
ja-hrkt	ゼクロム
ja-hrkt	ゼニガメ
ja-hrkt	ゼブライカ
ja-hrkt	ゼラオラ
ja-hrkt	ゼルネアス
ja-hrkt	ソウブレイズ
ja-hrkt	ソルガレオ
ja-hrkt	ソルロック
ja-hrkt	ソーナノ
ja-hrkt	ソーナンス
ja-hrkt	ゾウドウ
ja-hrkt	ゾロア
ja-hrkt	ゾロアーク
ja-hrkt	タイカイデン
ja-hrkt	タイプ：ヌル
ja-hrkt	タイレーツ
ja-hrkt	タギングル
ja-hrkt	タケルライコ
ja-hrkt	タタッコ
ja-hrkt	タチフサグマ
ja-hrkt	タッツー
ja-hrkt	タツベイ
ja-hrkt	タテトプス
ja-hrkt	タネボー
ja-hrkt	タブンネ
ja-hrkt	タマゲタケ
ja-hrkt	タマザラシ
ja-hrkt	タマタマ
ja-hrkt	タマンタ
ja-hrkt	タマンチュラ
ja-hrkt	タルップル
ja-hrkt	タンドン
ja-hrkt	ダイオウドウ
ja-hrkt	ダイケンキ
ja-hrkt	ダイノーズ
ja-hrkt	ダクマ
ja-hrkt	ダグトリオ
ja-hrkt	ダゲキ
ja-hrkt	ダストダス
ja-hrkt	ダダリン
ja-hrkt	ダブラン
ja-hrkt	ダルマッカ
ja-hrkt	ダンゴロ
ja-hrkt	ダンバル
ja-hrkt	ダークライ
ja-hrkt	ダーテング
ja-hrkt	チェリム
ja-hrkt	チェリンボ
ja-hrkt	チオンジェン
ja-hrkt	チコリータ
ja-hrkt	チゴラス
ja-hrkt	チャオブー
ja-hrkt	チャデス
ja-hrkt	チャーレム
ja-hrkt	チュリネ
ja-hrkt	チョボマキ
ja-hrkt	チョロネコ
ja-hrkt	チョンチー
ja-hrkt	チラチーノ
ja-hrkt	チラーミィ
ja-hrkt	チリーン
ja-hrkt	チルタリス
ja-hrkt	チルット
ja-hrkt	チヲハウハネ
ja-hrkt	ツタージャ
ja-hrkt	ツチニン
ja-hrkt	ツツケラ
ja-hrkt	ツボツボ
ja-hrkt	ツンデツンデ
ja-hrkt	ツンベアー
ja-hrkt	テッカグヤ
ja-hrkt	テッカニン
ja-hrkt	テッシード
ja-hrkt	テッポウオ
ja-hrkt	テツノイサハ
ja-hrkt	テツノイバラ
ja-hrkt	テツノイワオ
ja-hrkt	テツノカイナ
ja-hrkt	テツノカシラ
ja-hrkt	テツノコウベ
ja-hrkt	テツノツツミ
ja-hrkt	テツノドクガ
ja-hrkt	テツノブジン
ja-hrkt	テツノワダチ
ja-hrkt	テブリム
ja-hrkt	テラキオン
ja-hrkt	テラパゴス
ja-hrkt	テールナー
ja-hrkt	ディアルガ
ja-hrkt	ディアンシー
ja-hrkt	ディグダ
ja-hrkt	ディンルー
ja-hrkt	デオキシス
ja-hrkt	デカグース
ja-hrkt	デカヌチャン
ja-hrkt	デスカーン
ja-hrkt	デスバーン
ja-hrkt	デスマス
ja-hrkt	デデンネ
ja-hrkt	デリバード
ja-hrkt	デルビル
ja-hrkt	デンジュモク
ja-hrkt	デンチュラ
ja-hrkt	デンヂムシ
ja-hrkt	デンリュウ
ja-hrkt	トゲキッス
ja-hrkt	トゲチック
ja-hrkt	トゲデマル
ja-hrkt	トゲピー
ja-hrkt	トサキント
ja-hrkt	トドグラー
ja-hrkt	トドゼルガ
ja-hrkt	トドロクツキ
ja-hrkt	トランセル
ja-hrkt	トリデプス
ja-hrkt	トリトドン
ja-hrkt	トリミアン
ja-hrkt	トルネロス
ja-hrkt	トロッゴン
ja-hrkt	トロピウス
ja-hrkt	ドオー
ja-hrkt	ドガース
ja-hrkt	ドククラゲ
ja-hrkt	ドクケイル
ja-hrkt	ドクロッグ
ja-hrkt	ドゴーム
ja-hrkt	ドサイドン
ja-hrkt	ドジョッチ
ja-hrkt	ドダイトス
ja-hrkt	ドッコラー
ja-hrkt	ドテッコツ
ja-hrkt	ドデカバシ
ja-hrkt	ドドゲザン
ja-hrkt	ドヒドイデ
ja-hrkt	ドラパルト
ja-hrkt	ドラピオン
ja-hrkt	ドラミドロ
ja-hrkt	ドラメシヤ
ja-hrkt	ドリュウズ
ja-hrkt	ドレディア
ja-hrkt	ドロバンコ
ja-hrkt	ドロンチ
ja-hrkt	ドンカラス
ja-hrkt	ドンファン
ja-hrkt	ドンメル
ja-hrkt	ドータクン
ja-hrkt	ドードリオ
ja-hrkt	ドードー
ja-hrkt	ドーブル
ja-hrkt	ドーミラー
ja-hrkt	ナエトル
ja-hrkt	ナカヌチャン
ja-hrkt	ナゲキ
ja-hrkt	ナゲツケサル
ja-hrkt	ナゾノクサ
ja-hrkt	ナックラー
ja-hrkt	ナッシー
ja-hrkt	ナットレイ
ja-hrkt	ナマケロ
ja-hrkt	ナマコブシ
ja-hrkt	ナマズン
ja-hrkt	ナミイルカ
ja-hrkt	ニダンギル
ja-hrkt	ニドキング
ja-hrkt	ニドクイン
ja-hrkt	ニドラン♀
ja-hrkt	ニドラン♂
ja-hrkt	ニドリーナ
ja-hrkt	ニドリーノ
ja-hrkt	ニャイキング
ja-hrkt	ニャオニクス
ja-hrkt	ニャオハ
ja-hrkt	ニャスパー
ja-hrkt	ニャヒート
ja-hrkt	ニャビー
ja-hrkt	ニャルマー
ja-hrkt	ニャローテ
ja-hrkt	ニャース
ja-hrkt	ニューラ
ja-hrkt	ニョロゾ
ja-hrkt	ニョロトノ
ja-hrkt	ニョロボン
ja-hrkt	ニョロモ
ja-hrkt	ニンフィア
ja-hrkt	ヌイコグマ
ja-hrkt	ヌオー
ja-hrkt	ヌケニン
ja-hrkt	ヌマクロー
ja-hrkt	ヌメイル
ja-hrkt	ヌメラ
ja-hrkt	ヌメルゴン
ja-hrkt	ネイティ
ja-hrkt	ネイティオ
ja-hrkt	ネオラント
ja-hrkt	ネギガナイト
ja-hrkt	ネクロズマ
ja-hrkt	ネッコアラ
ja-hrkt	ネマシュ
ja-hrkt	ネンドール
ja-hrkt	ノクタス
ja-hrkt	ノココッチ
ja-hrkt	ノコッチ
ja-hrkt	ノズパス
ja-hrkt	ノノクラゲ
ja-hrkt	ハカドッグ
ja-hrkt	ハガネール
ja-hrkt	ハギギシリ
ja-hrkt	ハクリュー
ja-hrkt	ハスブレロ
ja-hrkt	ハスボー
ja-hrkt	ハッサム
ja-hrkt	ハトーボー
ja-hrkt	ハネッコ
ja-hrkt	ハハコモリ
ja-hrkt	ハバタクカミ
ja-hrkt	ハピナス
ja-hrkt	ハブネーク
ja-hrkt	ハヤシガメ
ja-hrkt	ハラバリー
ja-hrkt	ハリテヤマ
ja-hrkt	ハリボーグ
ja-hrkt	ハリマロン
ja-hrkt	ハリーセン
ja-hrkt	ハリーマン
ja-hrkt	ハルクジラ
ja-hrkt	ハンテール
ja-hrkt	ハーデリア
ja-hrkt	バイウールー
ja-hrkt	バイバニラ
ja-hrkt	バウッツェル
ja-hrkt	バオッキー
ja-hrkt	バオップ
ja-hrkt	バクオング
ja-hrkt	バクガメス
ja-hrkt	バクフーン
ja-hrkt	バクーダ
ja-hrkt	バケッチャ
ja-hrkt	バサギリ
ja-hrkt	バシャーモ
ja-hrkt	バスラオ
ja-hrkt	バタフリー
ja-hrkt	バチュル
ja-hrkt	バチンウニ
ja-hrkt	バチンキー
ja-hrkt	バッフロン
ja-hrkt	バドレックス
ja-hrkt	バニプッチ
ja-hrkt	バニリッチ
ja-hrkt	バネブー
ja-hrkt	バリコオル
ja-hrkt	バリヤード
ja-hrkt	バルキー
ja-hrkt	バルジーナ
ja-hrkt	バルチャイ
ja-hrkt	バルビート
ja-hrkt	バンギラス
ja-hrkt	バンバドロ
ja-hrkt	パウワウ
ja-hrkt	パオジアン
ja-hrkt	パチリス
ja-hrkt	パッチラゴン
ja-hrkt	パッチルドン
ja-hrkt	パッチール
ja-hrkt	パピモッチ
ja-hrkt	パフュートン
ja-hrkt	パモ
ja-hrkt	パモット
ja-hrkt	パラス
ja-hrkt	パラセクト
ja-hrkt	パルキア
ja-hrkt	パルシェン
ja-hrkt	パルスワン
ja-hrkt	パンプジン
ja-hrkt	パーモット
ja-hrkt	パールル
ja-hrkt	ヒコザル
ja-hrkt	ヒトカゲ
ja-hrkt	ヒトツキ
ja-hrkt	ヒトデマン
ja-hrkt	ヒトモシ
ja-hrkt	ヒドイデ
ja-hrkt	ヒノアラシ
ja-hrkt	ヒノヤコマ
ja-hrkt	ヒバニー
ja-hrkt	ヒヒダルマ
ja-hrkt	ヒポポタス
ja-hrkt	ヒマナッツ
ja-hrkt	ヒメグマ
ja-hrkt	ヒメンカ
ja-hrkt	ヒヤッキー
ja-hrkt	ヒヤップ
ja-hrkt	ヒラヒナ
ja-hrkt	ヒンバス
ja-hrkt	ヒードラン
ja-hrkt	ビクティニ
ja-hrkt	ビッパ
ja-hrkt	ビビヨン
ja-hrkt	ビブラーバ
ja-hrkt	ビリジオン
ja-hrkt	ビリリダマ
ja-hrkt	ビークイン
ja-hrkt	ビーダル
ja-hrkt	ビードル
ja-hrkt	ピィ
ja-hrkt	ピカチュウ
ja-hrkt	ピクシー
ja-hrkt	ピジョット
ja-hrkt	ピジョン
ja-hrkt	ピチュー
ja-hrkt	ピッピ
ja-hrkt	ピンプク
ja-hrkt	ファイアロー
ja-hrkt	ファイヤー
ja-hrkt	フィオネ
ja-hrkt	フェローチェ
ja-hrkt	フォクスライ
ja-hrkt	フォッコ
ja-hrkt	フォレトス
ja-hrkt	フカマル
ja-hrkt	フクスロー
ja-hrkt	フシギソウ
ja-hrkt	フシギダネ
ja-hrkt	フシギバナ
ja-hrkt	フシデ
ja-hrkt	フタチマル
ja-hrkt	フライゴン
ja-hrkt	フラエッテ
ja-hrkt	フラベベ
ja-hrkt	フラージェス
ja-hrkt	フリーザー
ja-hrkt	フリージオ
ja-hrkt	フレフワン
ja-hrkt	フローゼル
ja-hrkt	フワライド
ja-hrkt	フワンテ
ja-hrkt	フーディン
ja-hrkt	フーパ
ja-hrkt	ブイゼル
ja-hrkt	ブニャット
ja-hrkt	ブビィ
ja-hrkt	ブラッキー
ja-hrkt	ブリガロン
ja-hrkt	ブリザポス
ja-hrkt	ブリジュラス
ja-hrkt	ブリムオン
ja-hrkt	ブルンゲル
ja-hrkt	ブルー
ja-hrkt	ブロスター
ja-hrkt	ブロロローム
ja-hrkt	ブロロン
ja-hrkt	ブースター
ja-hrkt	ブーバー
ja-hrkt	ブーバーン
ja-hrkt	ブーピッグ
ja-hrkt	プクリン
ja-hrkt	プテラ
ja-hrkt	ププリン
ja-hrkt	プラスル
ja-hrkt	プリン
ja-hrkt	プルリル
ja-hrkt	プロトーガ
ja-hrkt	ヘイガニ
ja-hrkt	ヘイラッシャ
ja-hrkt	ヘラクロス
ja-hrkt	ヘルガー
ja-hrkt	ベイリーフ
ja-hrkt	ベトベター
ja-hrkt	ベトベトン
ja-hrkt	ベベノム
ja-hrkt	ベラカス
ja-hrkt	ベロバー
ja-hrkt	ベロベルト
ja-hrkt	ベロリンガ
ja-hrkt	ペラップ
ja-hrkt	ペリッパー
ja-hrkt	ペルシアン
ja-hrkt	ペロッパフ
ja-hrkt	ペロリーム
ja-hrkt	ペンドラー
ja-hrkt	ホイーガ
ja-hrkt	ホウオウ
ja-hrkt	ホエルオー
ja-hrkt	ホエルコ
ja-hrkt	ホゲータ
ja-hrkt	ホシガリス
ja-hrkt	ホルビー
ja-hrkt	ホルード
ja-hrkt	ホーホー
ja-hrkt	ボクレー
ja-hrkt	ボスゴドラ
ja-hrkt	ボチ
ja-hrkt	ボルケニオン
ja-hrkt	ボルトロス
ja-hrkt	ボーマンダ
ja-hrkt	ポカブ
ja-hrkt	ポチエナ
ja-hrkt	ポッタイシ
ja-hrkt	ポッチャマ
ja-hrkt	ポットデス
ja-hrkt	ポッポ
ja-hrkt	ポニータ
ja-hrkt	ポポッコ
ja-hrkt	ポリゴン
ja-hrkt	ポリゴン２
ja-hrkt	ポリゴンＺ
ja-hrkt	ポワルン
ja-hrkt	マイナン
ja-hrkt	マギアナ
ja-hrkt	マクノシタ
ja-hrkt	マグカルゴ
ja-hrkt	マグマッグ
ja-hrkt	マグマラシ
ja-hrkt	マケンカニ
ja-hrkt	マシェード
ja-hrkt	マシマシラ
ja-hrkt	マスカーニャ
ja-hrkt	マスキッパ
ja-hrkt	マタドガス
ja-hrkt	マダツボミ
ja-hrkt	マッギョ
ja-hrkt	マッシブーン
ja-hrkt	マッスグマ
ja-hrkt	マナフィ
ja-hrkt	マニューラ
ja-hrkt	マネネ
ja-hrkt	マフィティフ
ja-hrkt	マフォクシー
ja-hrkt	マホイップ
ja-hrkt	マホミル
ja-hrkt	ママンボウ
ja-hrkt	マメバッタ
ja-hrkt	マメパト
ja-hrkt	マユルド
ja-hrkt	マラカッチ
ja-hrkt	マリル
ja-hrkt	マリルリ
ja-hrkt	マルノーム
ja-hrkt	マルマイン
ja-hrkt	マルヤクデ
ja-hrkt	マンキー
ja-hrkt	マンタイン
ja-hrkt	マンムー
ja-hrkt	マーイーカ
ja-hrkt	マーシャドー
ja-hrkt	ミカルゲ
ja-hrkt	ミガルーサ
ja-hrkt	ミジュマル
ja-hrkt	ミズゴロウ
ja-hrkt	ミツハニー
ja-hrkt	ミニリュウ
ja-hrkt	ミニーブ
ja-hrkt	ミネズミ
ja-hrkt	ミノマダム
ja-hrkt	ミノムッチ
ja-hrkt	ミブリム
ja-hrkt	ミミズズ
ja-hrkt	ミミッキュ
ja-hrkt	ミミロップ
ja-hrkt	ミミロル
ja-hrkt	ミュウ
ja-hrkt	ミュウツー
ja-hrkt	ミライドン
ja-hrkt	ミルタンク
ja-hrkt	ミルホッグ
ja-hrkt	ミロカロス
ja-hrkt	ムウマ
ja-hrkt	ムウマージ
ja-hrkt	ムクバード
ja-hrkt	ムクホーク
ja-hrkt	ムゲンダイナ
ja-hrkt	ムシャーナ
ja-hrkt	ムチュール
ja-hrkt	ムックル
ja-hrkt	ムンナ
ja-hrkt	ムーランド
ja-hrkt	メェークル
ja-hrkt	メガニウム
ja-hrkt	メガヤンマ
ja-hrkt	メグロコ
ja-hrkt	メタグロス
ja-hrkt	メタモン
ja-hrkt	メタング
ja-hrkt	メッソン
ja-hrkt	メテノ
ja-hrkt	メノクラゲ
ja-hrkt	メブキジカ
ja-hrkt	メラルバ
ja-hrkt	メリープ
ja-hrkt	メルタン
ja-hrkt	メルメタル
ja-hrkt	メレシー
ja-hrkt	メロエッタ
ja-hrkt	モウカザル
ja-hrkt	モクロー
ja-hrkt	モグリュー
ja-hrkt	モココ
ja-hrkt	モジャンボ
ja-hrkt	モスノウ
ja-hrkt	モトトカゲ
ja-hrkt	モノズ
ja-hrkt	モモワロウ
ja-hrkt	モルフォン
ja-hrkt	モルペコ
ja-hrkt	モロバレル
ja-hrkt	モンジャラ
ja-hrkt	モンメン
ja-hrkt	ヤクデ
ja-hrkt	ヤジロン
ja-hrkt	ヤトウモリ
ja-hrkt	ヤドキング
ja-hrkt	ヤドラン
ja-hrkt	ヤドン
ja-hrkt	ヤナッキー
ja-hrkt	ヤナップ
ja-hrkt	ヤバソチャ
ja-hrkt	ヤバチャ
ja-hrkt	ヤブクロン
ja-hrkt	ヤミカラス
ja-hrkt	ヤミラミ
ja-hrkt	ヤヤコマ
ja-hrkt	ヤルキモノ
ja-hrkt	ヤレユータン
ja-hrkt	ヤングース
ja-hrkt	ヤンチャム
ja-hrkt	ヤンヤンマ
ja-hrkt	ユキカブリ
ja-hrkt	ユキノオー
ja-hrkt	ユキハミ
ja-hrkt	ユキメノコ
ja-hrkt	ユキワラシ
ja-hrkt	ユクシー
ja-hrkt	ユニラン
ja-hrkt	ユレイドル
ja-hrkt	ユンゲラー
ja-hrkt	ヨクバリス
ja-hrkt	ヨノワール
ja-hrkt	ヨマワル
ja-hrkt	ヨルノズク
ja-hrkt	ヨワシ
ja-hrkt	ヨーギラス
ja-hrkt	ヨーテリー
ja-hrkt	ライコウ
ja-hrkt	ライチュウ
ja-hrkt	ライボルト
ja-hrkt	ラウドボーン
ja-hrkt	ラクライ
ja-hrkt	ラグラージ
ja-hrkt	ラッキー
ja-hrkt	ラッタ
ja-hrkt	ラティアス
ja-hrkt	ラティオス
ja-hrkt	ラビフット
ja-hrkt	ラフレシア
ja-hrkt	ラブカス
ja-hrkt	ラブトロス
ja-hrkt	ラプラス
ja-hrkt	ラムパルド
ja-hrkt	ラランテス
ja-hrkt	ラルトス
ja-hrkt	ランクルス
ja-hrkt	ランターン
ja-hrkt	ランドロス
ja-hrkt	ランプラー
ja-hrkt	リオル
ja-hrkt	リキキリン
ja-hrkt	リククラゲ
ja-hrkt	リグレー
ja-hrkt	リザード
ja-hrkt	リザードン
ja-hrkt	リリーラ
ja-hrkt	リングマ
ja-hrkt	リーシャン
ja-hrkt	リーフィア
ja-hrkt	ルカリオ
ja-hrkt	ルガルガン
ja-hrkt	ルギア
ja-hrkt	ルクシオ
ja-hrkt	ルチャブル
ja-hrkt	ルナアーラ
ja-hrkt	ルナトーン
ja-hrkt	ルリリ
ja-hrkt	ルンパッパ
ja-hrkt	ルージュラ
ja-hrkt	レアコイル
ja-hrkt	レイスポス
ja-hrkt	レシラム
ja-hrkt	レジアイス
ja-hrkt	レジエレキ
ja-hrkt	レジギガス
ja-hrkt	レジスチル
ja-hrkt	レジドラゴ
ja-hrkt	レジロック
ja-hrkt	レックウザ
ja-hrkt	レディアン
ja-hrkt	レディバ
ja-hrkt	レドームシ
ja-hrkt	レパルダス
ja-hrkt	レントラー
ja-hrkt	ロコン
ja-hrkt	ロズレイド
ja-hrkt	ロゼリア
ja-hrkt	ロトム
ja-hrkt	ローブシン
ja-hrkt	ワカシャモ
ja-hrkt	ワシボン
ja-hrkt	ワタシラガ
ja-hrkt	ワタッコ
ja-hrkt	ワッカネズミ
ja-hrkt	ワナイダー
ja-hrkt	ワニノコ
ja-hrkt	ワルビアル
ja-hrkt	ワルビル
ja-hrkt	ワンパチ
ja-hrkt	ワンリキー
ja-roma	Abagoura
ja-roma	Absol
ja-roma	Abuly
ja-roma	Aburibbon
ja-roma	Aceburn
ja-roma	Achamo
ja-roma	Achigator
ja-roma	Agehunt
ja-roma	Agilder
ja-roma	Agnome
ja-roma	Agojimushi
ja-roma	Agoyon
ja-roma	Aiant
ja-roma	Airmd
ja-roma	Akuziking
ja-roma	Alligates
ja-roma	Amajo
ja-roma	Amakaji
ja-roma	Amamaiko
ja-roma	Amaruruga
ja-roma	Amarus
ja-roma	Amemoth
ja-roma	Ametama
ja-roma	Anohoragusa
ja-roma	Anokusa
ja-roma	Anopth
ja-roma	Aogarasu
ja-roma	Appryu
ja-roma	Araburutake
ja-roma	Arbo
ja-roma	Arbok
ja-roma	Arceus
ja-roma	Archen
ja-roma	Archeos
ja-roma	Ariados
ja-roma	Armaldo
ja-roma	Armorga
ja-roma	Arukujira
ja-roma	Asanan
ja-roma	Ashimari
ja-roma	Ashirene
ja-roma	Ayashishi
ja-roma	Azumao
ja-roma	Bachinkey
ja-roma	Bachinuni
ja-roma	Bachuru
ja-roma	Baivanilla
ja-roma	Baiwooluu
ja-roma	Bakeccha
ja-roma	Bakphoon
ja-roma	Bakugames
ja-roma	Bakuong
ja-roma	Bakuuda
ja-roma	Balkie
ja-roma	Banbadoro
ja-roma	Baneboo
ja-roma	Bangiras
ja-roma	Baokkie
ja-roma	Baoppu
ja-roma	Barrierd
ja-roma	Barrikohru
ja-roma	Barubeat
ja-roma	Basagiri
ja-roma	Bassrao
ja-roma	Bayleaf
ja-roma	Beadull
ja-roma	Beedle
ja-roma	Beequeen
ja-roma	Beracas
ja-roma	Beroba
ja-roma	Beroberto
ja-roma	Beroringa
ja-roma	Betbeter
ja-roma	Betbeton
ja-roma	Bevenom
ja-roma	Bipper
ja-roma	Biriridama
ja-roma	Blacky
ja-roma	Blizzapos
ja-roma	Bloster
ja-roma	Bochi
ja-roma	Bohmander
ja-roma	Bokurei
ja-roma	Boober
ja-roma	Booburn
ja-roma	Boopig
ja-roma	Booster
ja-roma	Bossgodora
ja-roma	Bowtzel
ja-roma	Brigarron
ja-roma	Brimuon
ja-roma	Buby
ja-roma	Budrex
ja-roma	Buffron
ja-roma	Bulu
ja-roma	Bulul
ja-roma	Bunyat
ja-roma	Buoysel
ja-roma	Buroron
ja-roma	Burororoom
ja-roma	Bursyamo
ja-roma	Burungel
ja-roma	Butterfree
ja-roma	Calamanero
ja-roma	Camome
ja-roma	Capsaiji
ja-roma	Carbou
ja-roma	Casey
ja-roma	Caterpie
ja-roma	Celebi
ja-roma	Chandela
ja-roma	Chaoboo
ja-roma	Charem
ja-roma	Cherinbo
ja-roma	Cherrim
ja-roma	Chevargo
ja-roma	Chicorita
ja-roma	Chigoras
ja-roma	Chillaccino
ja-roma	Chillarmy
ja-roma	Chionjen
ja-roma	Chirean
ja-roma	Chiwohauhane
ja-roma	Chobomaki
ja-roma	Chonchie
ja-roma	Choroneko
ja-roma	Churine
ja-roma	Cleffy
ja-roma	Cobalon
ja-roma	Cocoon
ja-roma	Coil
ja-roma	Cokodora
ja-roma	Collecurei
ja-roma	Cosmog
ja-roma	Cosmovum
ja-roma	Cotoise
ja-roma	Crab
ja-roma	Crebase
ja-roma	Crecelia
ja-roma	Crimgan
ja-roma	Crobat
ja-roma	Cuespatra
ja-roma	Cuwawa
ja-roma	Dadarin
ja-roma	Dageki
ja-roma	Daikenki
ja-roma	Dainose
ja-roma	Daioudou
ja-roma	Dakuma
ja-roma	Dangoro
ja-roma	Darkrai
ja-roma	Darumakka
ja-roma	Deathbarn
ja-roma	Dedenne
ja-roma	Dekagoose
ja-roma	Dekanuchan
ja-roma	Delibird
ja-roma	Delvil
ja-roma	Dendimushi
ja-roma	Denjyumoku
ja-roma	Denryu
ja-roma	Dentula
ja-roma	Deoxys
ja-roma	Desukarn
ja-roma	Desumasu
ja-roma	Dialga
ja-roma	Diancie
ja-roma	Digda
ja-roma	Dihead
ja-roma	Dinlu
ja-roma	Dirteng
ja-roma	Doble
ja-roma	Dodaitose
ja-roma	Dodekabashi
ja-roma	Dodo
ja-roma	Dodogezan
ja-roma	Dodorio
ja-roma	Dogars
ja-roma	Dogohmb
ja-roma	Dohidoide
ja-roma	Dojoach
ja-roma	Dokkorer
ja-roma	Dokucale
ja-roma	Dokukurage
ja-roma	Dokurog
ja-roma	Domirror
ja-roma	Donfan
ja-roma	Donkarasu
ja-roma	Donmel
ja-roma	Dooh
ja-roma	Dorameshiya
ja-roma	Dorapion
ja-roma	Dorapult
ja-roma	Dorobanko
ja-roma	Doronch
ja-roma	Doryuzu
ja-roma	Dosydon
ja-roma	Dotakun
ja-roma	Dotekkotsu
ja-roma	Doublan
ja-roma	Dramidoro
ja-roma	Dredear
ja-roma	Dugtrio
ja-roma	Dumbber
ja-roma	Duraludon
ja-roma	Dustdas
ja-roma	Ebiwalar
ja-roma	Eievui
ja-roma	Eifie
ja-roma	Eipam
ja-roma	Eleboo
ja-roma	Elekible
ja-roma	Elekid
ja-roma	Eleson
ja-roma	Elezard
ja-roma	Elfuun
ja-roma	Emonga
ja-roma	Emperte
ja-roma	Emrit
ja-roma	Enbuoh
ja-roma	Eneco
ja-roma	Enekororo
ja-roma	Ennewt
ja-roma	Entei
ja-roma	Eolb
ja-roma	Erikiteru
ja-roma	Erlade
ja-roma	Eteboth
ja-roma	Exleg
ja-roma	Fiarrow
ja-roma	Fire
ja-roma	Flabebe
ja-roma	Floette
ja-roma	Florges
ja-roma	Flowsel
ja-roma	Fokko
ja-roma	Foodin
ja-roma	Foretos
ja-roma	Foxly
ja-roma	Freegeo
ja-roma	Freezer
ja-roma	Frefuwan
ja-roma	Frygon
ja-roma	Fukamaru
ja-roma	Fukuthrow
ja-roma	Fushide
ja-roma	Fushigibana
ja-roma	Fushigidane
ja-roma	Fushigisou
ja-roma	Futachimaru
ja-roma	Fuwante
ja-roma	Fuwaride
ja-roma	Gabite
ja-roma	Gablias
ja-roma	Gachigoras
ja-roma	Gachiguma
ja-roma	Gakegani
ja-roma	Gallop
ja-roma	Gamagaru
ja-roma	Gamageroge
ja-roma	Gamenodes
ja-roma	Gangar
ja-roma	Gantle
ja-roma	Gaogaen
ja-roma	Garagara
ja-roma	Gardie
ja-roma	Garmeil
ja-roma	Garura
ja-roma	Gekkouga
ja-roma	Gekogashira
ja-roma	Genesect
ja-roma	Ghos
ja-roma	Ghost
ja-roma	Giaru
ja-roma	Gigaiath
ja-roma	Gigiaru
ja-roma	Gigigiaru
ja-roma	Gillgard
ja-roma	Gimoh
ja-roma	Giratina
ja-roma	Glacia
ja-roma	Glanth
ja-roma	Gliger
ja-roma	Glion
ja-roma	Gobit
ja-roma	Gogoat
ja-roma	Gokulin
ja-roma	Golbat
ja-roma	Golduck
ja-roma	Golone
ja-roma	Golonya
ja-roma	Goloog
ja-roma	Gomazou
ja-roma	Gonbe
ja-roma	Gonyonyo
ja-roma	Goriky
ja-roma	Gorirander
ja-roma	Goronda
ja-roma	Gothimiru
ja-roma	Gothimu
ja-roma	Gothiruselle
ja-roma	Gourton
ja-roma	Granbulu
ja-roma	Groudon
ja-roma	Guraena
ja-roma	Gureggru
ja-roma	Gurenarma
ja-roma	Gusokumusha
ja-roma	Gyarados
ja-roma	Gōkazaru
ja-roma	Habatakukami
ja-roma	Habunake
ja-roma	Haganeil
ja-roma	Hagigishiri
ja-roma	Hahakomori
ja-roma	Hakadog
ja-roma	Hakuryu
ja-roma	Hanecco
ja-roma	Happinas
ja-roma	Harabarie
ja-roma	Hariborg
ja-roma	Hariman
ja-roma	Harimaron
ja-roma	Hariteyama
ja-roma	Harysen
ja-roma	Hassam
ja-roma	Hassboh
ja-roma	Hasubrero
ja-roma	Hatoboh
ja-roma	Hayashigame
ja-roma	Heatran
ja-roma	Heigani
ja-roma	Hellgar
ja-roma	Heracros
ja-roma	Herderrie
ja-roma	Heyrusher
ja-roma	Hibanny
ja-roma	Hidoide
ja-roma	Hihidaruma
ja-roma	Hikozaru
ja-roma	Himanuts
ja-roma	Himeguma
ja-roma	Himenka
ja-roma	Hinbass
ja-roma	Hinoarashi
ja-roma	Hinoyakoma
ja-roma	Hipopotas
ja-roma	Hirahina
ja-roma	Hitodeman
ja-roma	Hitokage
ja-roma	Hitomoshi
ja-roma	Hitotsuki
ja-roma	Hiyakkie
ja-roma	Hiyappu
ja-roma	Hogator
ja-roma	Hoho
ja-roma	Hoopa
ja-roma	Horubee
ja-roma	Horudo
ja-roma	Hoshigarisu
ja-roma	Houou
ja-roma	Hulkujira
ja-roma	Huntail
ja-roma	Idainakiba
ja-roma	Idaitou
ja-roma	Ikirinko
ja-roma	Ikkanezumi
ja-roma	Illumise
ja-roma	Inomoo
ja-roma	Intereon
ja-roma	Irukaman
ja-roma	Ishihengin
ja-roma	Ishizumai
ja-roma	Isitsubute
ja-roma	Itomaru
ja-roma	Iwanko
ja-roma	Iwapalace
ja-roma	Iwark
ja-roma	Jalorda
ja-roma	Janovy
ja-roma	Jibacoil
ja-roma	Jijilong
ja-roma	Jimereon
ja-roma	Jiodumu
ja-roma	Jirachi
ja-roma	Jugon
ja-roma	Jukain
ja-roma	Junaiper
ja-roma	Juppeta
ja-roma	Juptile
ja-roma	Jyarako
ja-roma	Jyarango
ja-roma	Jyararanga
ja-roma	Kabarudon
ja-roma	Kabigon
ja-roma	Kaburumo
ja-roma	Kabuto
ja-roma	Kabutops
ja-roma	Kachikohru
ja-roma	Kaenjishi
ja-roma	Kagebouzu
ja-roma	Kaiden
ja-roma	Kailios
ja-roma	Kairiky
ja-roma	Kairyu
ja-roma	Kajicchu
ja-roma	Kajirigame
ja-roma	Kakureon
ja-roma	Kamasujaw
ja-roma	Kameil
ja-roma	Kametete
ja-roma	Kamex
ja-roma	Kamiturugi
ja-roma	Kamonegi
ja-roma	Kamukame
ja-roma	Kanuchan
ja-roma	Kapoerer
ja-roma	Karakara
ja-roma	Karamingo
ja-roma	Karanakushi
ja-roma	Karasalis
ja-roma	Karikiri
ja-roma	Keikouo
ja-roma	Kekenkani
ja-roma	Kekking
ja-roma	Keldeo
ja-roma	Kemusso
ja-roma	Kenhallow
ja-roma	Kentauros
ja-roma	Kerarappa
ja-roma	Keromatsu
ja-roma	Kibago
ja-roma	Kibanha
ja-roma	Kimawari
ja-roma	Kimori
ja-roma	Kingdra
ja-roma	Kingler
ja-roma	Kinococo
ja-roma	Kinogassa
ja-roma	Kiraflor
ja-roma	Kirame
ja-roma	Kireihana
ja-roma	Kirikizan
ja-roma	Kirinriki
ja-roma	Kirlia
ja-roma	Kiteruguma
ja-roma	Koaruhie
ja-roma	Kodora
ja-roma	Koduck
ja-roma	Kofukimushi
ja-roma	Kofuurai
ja-roma	Koiking
ja-roma	Kojio
ja-roma	Kojofu
ja-roma	Kojondo
ja-roma	Kokeko
ja-roma	Kokogara
ja-roma	Kokoromori
ja-roma	Kolink
ja-roma	Komatana
ja-roma	Komoruu
ja-roma	Kongpang
ja-roma	Konohana
ja-roma	Konoyozaru
ja-roma	Koraidon
ja-roma	Koratta
ja-roma	Korippo
ja-roma	Korobohshi
ja-roma	Koromori
ja-roma	Korotok
ja-roma	Kosokumushi
ja-roma	Kucheat
ja-roma	Kuitaran
ja-roma	Kumasyun
ja-roma	Kunugidama
ja-roma	Kurumayu
ja-roma	Kurumiru
ja-roma	Kusaihana
ja-roma	Kusune
ja-roma	Kuwagannon
ja-roma	Kuwassu
ja-roma	Kuzumo
ja-roma	Kyogre
ja-roma	Kyojiohn
ja-roma	Kyukon
ja-roma	Kyurem
ja-roma	Laglarge
ja-roma	Lalantes
ja-roma	Lampler
ja-roma	Lanculus
ja-roma	Landlos
ja-roma	Lantern
ja-roma	Laplace
ja-roma	Latias
ja-roma	Latios
ja-roma	Laudbon
ja-roma	Leafia
ja-roma	Lepardas
ja-roma	Ligray
ja-roma	Lilyla
ja-roma	Lisyan
ja-roma	Livolt
ja-roma	Lizardo
ja-roma	Lizardon
ja-roma	Lovecus
ja-roma	Lovetolos
ja-roma	Lucario
ja-roma	Luchabull
ja-roma	Lucky
ja-roma	Lugarugan
ja-roma	Lugia
ja-roma	Lunala
ja-roma	Lunatone
ja-roma	Luxio
ja-roma	Maaiika
ja-roma	Madatsubomi
ja-roma	Mafitiff
ja-roma	Magcargot
ja-roma	Magearna
ja-roma	Maggyo
ja-roma	Magmag
ja-roma	Magmarashi
ja-roma	Mahomil
ja-roma	Mahoxy
ja-roma	Makenkani
ja-roma	Makunoshita
ja-roma	Mamanbou
ja-roma	Mamebatta
ja-roma	Mamepato
ja-roma	Mammoo
ja-roma	Manaphy
ja-roma	Manene
ja-roma	Mankey
ja-roma	Mantain
ja-roma	Manyula
ja-roma	Maracacchi
ja-roma	Maril
ja-roma	Marilli
ja-roma	Marshadow
ja-roma	Marumine
ja-roma	Marunoom
ja-roma	Maruyakude
ja-roma	Mashade
ja-roma	Masquernya
ja-roma	Massivoon
ja-roma	Massuguma
ja-roma	Matadogas
ja-roma	Mawhip
ja-roma	Mayuld
ja-roma	Mebukijika
ja-roma	Meecle
ja-roma	Meganium
ja-roma	Megayanma
ja-roma	Meguroco
ja-roma	Melecie
ja-roma	Melmetal
ja-roma	Meloetta
ja-roma	Meltan
ja-roma	Menokurage
ja-roma	Merlarva
ja-roma	Merriep
ja-roma	Messon
ja-roma	Metagross
ja-roma	Metamon
ja-roma	Metang
ja-roma	Meteno
ja-roma	Mew
ja-roma	Mewtwo
ja-roma	Mibrim
ja-roma	Migalusa
ja-roma	Mijumaru
ja-roma	Mikaruge
ja-roma	Milokaross
ja-roma	Miltank
ja-roma	Mimikkyu
ja-roma	Mimilop
ja-roma	Mimirol
ja-roma	Mimizuzu
ja-roma	Minezumi
ja-roma	Miniryu
ja-roma	Minive
ja-roma	Minomadam
ja-roma	Minomucchi
ja-roma	Minun
ja-roma	Miraidon
ja-roma	Miruhog
ja-roma	Mitsuhoney
ja-roma	Mizugorou
ja-roma	Mogurew
ja-roma	Mojumbo
ja-roma	Mokoko
ja-roma	Mokuroh
ja-roma	Monjara
ja-roma	Monmen
ja-roma	Monozu
ja-roma	Mooland
ja-roma	Morobareru
ja-roma	Morpeko
ja-roma	Morphon
ja-roma	Mothnow
ja-roma	Mototokage
ja-roma	Muchul
ja-roma	Mugendina
ja-roma	Mukkuru
ja-roma	Mukubird
ja-roma	Mukuhawk
ja-roma	Muma
ja-roma	Mumage
ja-roma	Munna
ja-roma	Musharna
ja-roma	Muskippa
ja-roma	Mōkazaru
ja-roma	Naetle
ja-roma	Nageki
ja-roma	Nagetukesaru
ja-roma	Nakanuchan
ja-roma	Namakero
ja-roma	Namakobushi
ja-roma	Namazun
ja-roma	Namiiruka
ja-roma	Nassy
ja-roma	Natio
ja-roma	Naty
ja-roma	Nazonokusa
ja-roma	Necrozma
ja-roma	Negigaknight
ja-roma	Nekkoara
ja-roma	Nemasyu
ja-roma	Nendoll
ja-roma	Neolant
ja-roma	Nidangill
ja-roma	Nidoking
ja-roma	Nidoqueen
ja-roma	Nidoran♀
ja-roma	Nidoran♂
ja-roma	Nidorina
ja-roma	Nidorino
ja-roma	Noctus
ja-roma	Nokocchi
ja-roma	Nokokocchi
ja-roma	Nonokurage
ja-roma	Nosepass
ja-roma	Nuckrar
ja-roma	Nuikoguma
ja-roma	Nukenin
ja-roma	Null
ja-roma	Numacraw
ja-roma	Numeil
ja-roma	Numelgon
ja-roma	Numera
ja-roma	Nuoh
ja-roma	Nutrey
ja-roma	Nyabby
ja-roma	Nyaheat
ja-roma	Nyahoja
ja-roma	Nyaiking
ja-roma	Nyaonix
ja-roma	Nyarmar
ja-roma	Nyarote
ja-roma	Nyarth
ja-roma	Nyasper
ja-roma	Nymphia
ja-roma	Nyorobon
ja-roma	Nyoromo
ja-roma	Nyorotono
ja-roma	Nyorozo
ja-roma	Nyula
ja-roma	Odoridori
ja-roma	Odoshishi
ja-roma	Ohbem
ja-roma	Ohlonge
ja-roma	Ohrot
ja-roma	Ohsubame
ja-roma	Okorizaru
ja-roma	Okutank
ja-roma	Olinyo
ja-roma	Oliva
ja-roma	Omnite
ja-roma	Omstar
ja-roma	Onbat
ja-roma	Onidrill
ja-roma	Onigohri
ja-roma	Onishizukumo
ja-roma	Onisuzume
ja-roma	Onondo
ja-roma	Ononokus
ja-roma	Onvern
ja-roma	Oonyura
ja-roma	Ootachi
ja-roma	Orachifu
ja-roma	Ordile
ja-roma	Osyamari
ja-roma	Otachi
ja-roma	Otamaro
ja-roma	Otoshidori
ja-roma	Otosupus
ja-roma	Pachirisu
ja-roma	Palkia
ja-roma	Pamo
ja-roma	Pamot
ja-roma	Paojian
ja-roma	Paras
ja-roma	Parasect
ja-roma	Parmot
ja-roma	Parshen
ja-roma	Patcheel
ja-roma	Patchilldon
ja-roma	Patchiragon
ja-roma	Pawou
ja-roma	Pearlulu
ja-roma	Pelipper
ja-roma	Pendror
ja-roma	Perap
ja-roma	Perfuton
ja-roma	Peroppafu
ja-roma	Peroream
ja-roma	Persian
ja-roma	Pheroache
ja-roma	Phione
ja-roma	Pichu
ja-roma	Pigeon
ja-roma	Pigeot
ja-roma	Pikachu
ja-roma	Pinpuku
ja-roma	Pippi
ja-roma	Pixy
ja-roma	Pochama
ja-roma	Pochiena
ja-roma	Pokabu
ja-roma	Ponyta
ja-roma	Popocco
ja-roma	Poppo
ja-roma	Porygon
ja-roma	Porygon2
ja-roma	PorygonZ
ja-roma	Potdeath
ja-roma	Pottaishi
ja-roma	Powalen
ja-roma	Prasle
ja-roma	Protoga
ja-roma	Ptera
ja-roma	Pukurin
ja-roma	Pulsewan
ja-roma	Pumpjin
ja-roma	Pupimocchi
ja-roma	Pupurin
ja-roma	Purin
ja-roma	Pururill
ja-roma	Py
ja-roma	Rabbifuto
ja-roma	Raichu
ja-roma	Raikou
ja-roma	Rakurai
ja-roma	Ralts
ja-roma	Rampard
ja-roma	Rarecoil
ja-roma	Ratta
ja-roma	Rayquaza
ja-roma	Redian
ja-roma	Rediba
ja-roma	Redomushi
ja-roma	Regice
ja-roma	Regidorago
ja-roma	Regieleki
ja-roma	Regigigas
ja-roma	Regirock
ja-roma	Registeel
ja-roma	Rehire
ja-roma	Rentorar
ja-roma	Reshiram
ja-roma	Rikikirin
ja-roma	Rikukurage
ja-roma	Ringuma
ja-roma	Riolu
ja-roma	Rokon
ja-roma	Roselia
ja-roma	Roserade
ja-roma	Rotom
ja-roma	Roubushin
ja-roma	Rougela
ja-roma	Ruffresia
ja-roma	Runpappa
ja-roma	Ruriri
ja-roma	Sabonea
ja-roma	Sacchimushi
ja-roma	Sadaija
ja-roma	Sakebushippo
ja-roma	Sakurabyss
ja-roma	Samayouru
ja-roma	Samehader
ja-roma	Sanagiras
ja-roma	Sand
ja-roma	Sandpan
ja-roma	Sarunori
ja-roma	Sasikamasu
ja-roma	Sawamular
ja-roma	Sazandora
ja-roma	Scorpi
ja-roma	Scovillain
ja-roma	Seadra
ja-roma	Sebie
ja-roma	Seglaive
ja-roma	Segohru
ja-roma	Sekitanzan
ja-roma	Shaymin
ja-roma	Shellder
ja-roma	Shibibeel
ja-roma	Shibirudon
ja-roma	Shibishirasu
ja-roma	Shigaroko
ja-roma	Shikijika
ja-roma	Shimama
ja-roma	Shirushrew
ja-roma	Shishiko
ja-roma	Shizariger
ja-roma	Shizukumo
ja-roma	Showers
ja-roma	Shushupu
ja-roma	Sidon
ja-roma	Sihorn
ja-roma	Silvady
ja-roma	Sirnight
ja-roma	Sirodethna
ja-roma	Skunpoo
ja-roma	Skutank
ja-roma	Sleep
ja-roma	Sleeper
ja-roma	Sohnano
ja-roma	Solgaleo
ja-roma	Solrock
ja-roma	Sonans
ja-roma	Soublades
ja-roma	Spear
ja-roma	Starmie
ja-roma	Strike
ja-roma	Strinder
ja-roma	Subame
ja-roma	Subomie
ja-roma	Suikun
ja-roma	Sunaba
ja-roma	Sunahebi
ja-roma	Sunanokegawa
ja-roma	Sunigoon
ja-roma	Sunnygo
ja-roma	Surfugo
ja-roma	Swanna
ja-roma	Syaritatsu
ja-roma	Symboler
ja-roma	Tabunne
ja-roma	Tachifusaguma
ja-roma	Taggingru
ja-roma	Taikaiden
ja-roma	Tairenar
ja-roma	Tairetsu
ja-roma	Tamagetake
ja-roma	Tamanta
ja-roma	Tamantula
ja-roma	Tamatama
ja-roma	Tamazarashi
ja-roma	Tandon
ja-roma	Taneboh
ja-roma	Tarupple
ja-roma	Tatakko
ja-roma	Tatetops
ja-roma	Tatsubay
ja-roma	Tattu
ja-roma	Tebrim
ja-roma	Tekkaguya
ja-roma	Tekkanin
ja-roma	Teppouo
ja-roma	Terrakion
ja-roma	Tesseed
ja-roma	Tetefu
ja-roma	Tetsunobujin
ja-roma	Tetsunodokuga
ja-roma	Tetsunoibara
ja-roma	Tetsunoisaha
ja-roma	Tetsunokaina
ja-roma	Tetsunokoube
ja-roma	Tetsunotsutsumi
ja-roma	Tetsunowadachi
ja-roma	Thunder
ja-roma	Thunders
ja-roma	Todoggler
ja-roma	Todorokutsuki
ja-roma	Todoseruga
ja-roma	Togechick
ja-roma	Togedemaru
ja-roma	Togekiss
ja-roma	Togepy
ja-roma	Toritodon
ja-roma	Tornelos
ja-roma	Toroggon
ja-roma	Tosakinto
ja-roma	Trancell
ja-roma	Trideps
ja-roma	Trimmien
ja-roma	Tropius
ja-roma	Tsubotsubo
ja-roma	Tsutarja
ja-roma	Tsutsukera
ja-roma	Tunbear
ja-roma	Tundetunde
ja-roma	Tutinin
ja-roma	Tyltalis
ja-roma	Tyltto
ja-roma	Udeppou
ja-roma	Ulgamoth
ja-roma	Umidigda
ja-roma	Umitrio
ja-roma	Uneruminamo
ja-roma	Uniran
ja-roma	Unknown
ja-roma	Uochilldon
ja-roma	Uonoragon
ja-roma	Upah
ja-roma	Urimoo
ja-roma	Usohachi
ja-roma	Usokkie
ja-roma	Utsubot
ja-roma	Utsudon
ja-roma	Uturoid
ja-roma	Uu
ja-roma	Valchai
ja-roma	Vanipeti
ja-roma	Vanirich
ja-roma	Vibrava
ja-roma	Victini
ja-roma	Virizion
ja-roma	Viviyon
ja-roma	Volcanion
ja-roma	Voltolos
ja-roma	Vulgina
ja-roma	Wakasyamo
ja-roma	Wakkanezumi
ja-roma	Wanaider
ja-roma	Waninoko
ja-roma	Wanival
ja-roma	Wanpachi
ja-roma	Wanriky
ja-roma	Warrgle
ja-roma	Waruvial
ja-roma	Waruvile
ja-roma	Washibon
ja-roma	Watacco
ja-roma	Watashiraga
ja-roma	Welkamo
ja-roma	Whalko
ja-roma	Whaloh
ja-roma	Wheega
ja-roma	Windie
ja-roma	Wooluu
ja-roma	Wraithpos
ja-roma	Wulaosu
ja-roma	Xerneas
ja-roma	Yabacha
ja-roma	Yabukuron
ja-roma	Yadoking
ja-roma	Yadon
ja-roma	Yadoran
ja-roma	Yajilon
ja-roma	Yakude
ja-roma	Yamikarasu
ja-roma	Yamirami
ja-roma	Yanakkie
ja-roma	Yanappu
ja-roma	Yancham
ja-roma	Yanyanma
ja-roma	Yareyuutan
ja-roma	Yarukimono
ja-roma	Yatoumori
ja-roma	Yayakoma
ja-roma	Yessan
ja-roma	Yiyui
ja-roma	Yogiras
ja-roma	Yokubarisu
ja-roma	Yomawaru
ja-roma	Yonoir
ja-roma	Yorterrie
ja-roma	Yorunozuku
ja-roma	Youngoose
ja-roma	Yowashi
ja-roma	Yukihami
ja-roma	Yukikaburi
ja-roma	Yukimenoko
ja-roma	Yukinooh
ja-roma	Yukiwarashi
ja-roma	Yungerer
ja-roma	Yuradle
ja-roma	Yuxie
ja-roma	Yveltal
ja-roma	Zacian
ja-roma	Zamazenta
ja-roma	Zangoose
ja-roma	Zarude
ja-roma	Zebraika
ja-roma	Zekrom
ja-roma	Zenigame
ja-roma	Zeraora
ja-roma	Ziguzaguma
ja-roma	Zoroark
ja-roma	Zorua
ja-roma	Zoudou
ja-roma	Zubat
ja-roma	Zugadoon
ja-roma	Zugaidos
ja-roma	Zupika
ja-roma	Zuruggu
ja-roma	Zuruzukin
ja-roma	Zygarde
ko	가디
ko	가디안
ko	가로막구리
ko	가보리
ko	가비루사
ko	가이오가
ko	가재군
ko	가재장군
ko	갈가부기
ko	갈모매
ko	갑주무사
ko	강챙이
ko	강철톤
ko	개구마르
ko	개굴닌자
ko	개굴반장
ko	개무소
ko	갱도라
ko	갸라도스
ko	거대코뿌리
ko	거북손데스
ko	거북손손
ko	거북왕
ko	게노세크트
ko	게을로
ko	게을킹
ko	겟핸보숭
ko	견고라스
ko	고고트
ko	고동치는달
ko	고디모아젤
ko	고디보미
ko	고디탱
ko	고라파덕
ko	고래왕
ko	고래왕자
ko	고릴타
ko	고오스
ko	고우스트
ko	고지
ko	곤율거니
ko	곤율랭
ko	골덕
ko	골루그
ko	골뱃
ko	골비람
ko	공푸리
ko	과미드라
ko	과미르
ko	과사삭벌레
ko	괴력몬
ko	구구
ko	구르데
ko	굽이치는물결
ko	귀뚤뚜기
ko	귀뚤톡크
ko	그라에나
ko	그란돈
ko	그랑블루
ko	그우린차
ko	그푸리
ko	근육몬
ko	글라이거
ko	글라이온
ko	글레이시아
ko	기가이어스
ko	기기기어르
ko	기기어르
ko	기라티나
ko	기로치
ko	기어르
ko	깜까미
ko	깜놀버슬
ko	깜눈크
ko	깜지곰
ko	깝질무
ko	깨물부기
ko	깨봉이
ko	깨비드릴조
ko	깨비물거미
ko	깨비참
ko	껍질몬
ko	꼬렛
ko	꼬리선
ko	꼬링크
ko	꼬마돌
ko	꼬모카
ko	꼬몽울
ko	꼬부기
ko	꼬시레
ko	꼬이밍고
ko	꼬지모
ko	꼬지보리
ko	꼬지지
ko	꼬치조
ko	꼴깍몬
ko	꽁어름
ko	꾸꾸리
ko	꾸왁스
ko	꿀꺽몬
ko	꿈트렁
ko	꿰뚫는화염
ko	끼리동
ko	나로테
ko	나루림
ko	나룸퍼프
ko	나메일
ko	나목령
ko	나몰빼미
ko	나무돌이
ko	나무지기
ko	나무킹
ko	나시
ko	나오하
ko	나옹
ko	나옹마
ko	나이킹
ko	나인테일
ko	날개치는머리
ko	날뛰는우레
ko	날쌩마
ko	내던숭이
ko	내루미
ko	내룸벨트
ko	냄새꼬
ko	냐스퍼
ko	냐오닉스
ko	냐오불
ko	냐오히트
ko	너트령
ko	네오라이트
ko	네오비트
ko	네이티
ko	네이티오
ko	네크로즈마
ko	노고고치
ko	노고치
ko	노공룡
ko	노라키
ko	노보청
ko	누겔레온
ko	누니머기
ko	누리공
ko	누리레느
ko	누오
ko	눈꼬마
ko	눈설왕
ko	눈쓰개
ko	눈여아
ko	늑골라
ko	늪짱이
ko	니드런♀
ko	니드런♂
ko	니드리나
ko	니드리노
ko	니드퀸
ko	니드킹
ko	니로우
ko	님피아
ko	다꼬리
ko	다부니
ko	다크라이
ko	다크펫
ko	다태우지네
ko	다탱구
ko	다투곰
ko	닥트리오
ko	단굴
ko	단단지
ko	단데기
ko	단지래플
ko	단칼빙
ko	달막화
ko	달무리나
ko	달코퀸
ko	달콤아
ko	대검귀
ko	대굴레오
ko	대도각참
ko	대로트
ko	대쓰여너
ko	대여르
ko	대왕끼리동
ko	대짱이
ko	대코파스
ko	대포무노
ko	더스트나
ko	더시마사리
ko	던지미
ko	덩쿠리
ko	덩쿠림보
ko	데구리
ko	데기라스
ko	데덴네
ko	데스니칸
ko	데스마스
ko	데스판
ko	데인차
ko	델빌
ko	델케티
ko	도나리
ko	도롱마담
ko	도롱충이
ko	도치마론
ko	도치보구
ko	도토링
ko	독개굴
ko	독침붕
ko	독케일
ko	독파리
ko	돈크로우
ko	돌살이
ko	돌핀맨
ko	돌헨진
ko	동미러
ko	동챙이
ko	동탁군
ko	두개도스
ko	두까비
ko	두더류
ko	두두
ko	두드리짱
ko	두랄루돈
ko	두루지벌레
ko	두르보
ko	두르쿤
ko	두리쥐
ko	두빅굴
ko	두코
ko	두트리오
ko	두파팡
ko	둔타
ko	둥실라이드
ko	듀란
ko	드니꽁
ko	드니차
ko	드닐레이브
ko	드라꼰
ko	드래런치
ko	드래캄
ko	드래펄트
ko	드래피온
ko	드레디어
ko	들눈해
ko	디그다
ko	디아루가
ko	디안시
ko	디헤드
ko	딜리버드
ko	딥상어동
ko	딩루
ko	따라큐
ko	딱구리
ko	딱정곤
ko	딱충이
ko	땃쭈르
ko	땅을기는날개
ko	때때무노
ko	떨구새
ko	또가스
ko	또도가스
ko	또르박쥐
ko	뚜꾸리
ko	뚜벅쵸
ko	뜨아거
ko	라란티스
ko	라우드본
ko	라이츄
ko	라이코
ko	라티아스
ko	라티오스
ko	라프라스
ko	라플레시아
ko	란쿨루스
ko	랄토스
ko	랑딸랑
ko	래비풋
ko	랜드로스
ko	랜턴
ko	램펄드
ko	램프라
ko	러브로스
ko	럭시오
ko	럭키
ko	레돔벌레
ko	레디바
ko	레디안
ko	레시라무
ko	레어코일
ko	레오꼬
ko	레이스포스
ko	레지기가스
ko	레지드래고
ko	레지락
ko	레지스틸
ko	레지아이스
ko	레지에레키
ko	레쿠쟈
ko	레트라
ko	레파르다스
ko	렌트라
ko	로젤리아
ko	로즈레이드
ko	로토무
ko	로토스
ko	로파파
ko	롱스톤
ko	루가루암
ko	루기아
ko	루나아라
ko	루나톤
ko	루리리
ko	루브도
ko	루주라
ko	루차불
ko	루카리오
ko	리그레
ko	리아코
ko	리오르
ko	리자드
ko	리자몽
ko	리피아
ko	릴리요
ko	릴링
ko	링곰
ko	마그마
ko	마그마그
ko	마그마번
ko	마그비
ko	마그카르고
ko	마그케인
ko	마기라스
ko	마기아나
ko	마나피
ko	마디네
ko	마라카치
ko	마릴
ko	마릴리
ko	마빌크
ko	마샤도
ko	마셰이드
ko	마스카나
ko	마이농
ko	마임꽁꽁
ko	마임맨
ko	마자
ko	마자용
ko	마크탕
ko	마폭시
ko	마피티프
ko	마휘핑
ko	만마드
ko	만타인
ko	맘모꾸리
ko	맘박쥐
ko	맘복치
ko	맛보돈
ko	망나뇽
ko	망망이
ko	망키
ko	매시붕
ko	맨돌핀
ko	머드나기
ko	먹고자
ko	멍파치
ko	메가니움
ko	메가자리
ko	메깅
ko	메꾸리
ko	메더
ko	메로엣타
ko	메롱꿍
ko	메리프
ko	메이클
ko	메타그로스
ko	메타몽
ko	메탕
ko	메탕구
ko	메테노
ko	멜리시
ko	멜메탈
ko	멜탄
ko	모노두
ko	모다피
ko	모단단게
ko	모래꿍
ko	모래두지
ko	모래뱀
ko	모래성이당
ko	모래털가죽
ko	모르페코
ko	모부기
ko	모스노우
ko	모아머
ko	모으령
ko	모크나이퍼
ko	모토마
ko	목도리키텔
ko	몬냥이
ko	몰드류
ko	몸지브림
ko	몽나
ko	몽얌나
ko	묘두기
ko	무쇠가시
ko	무쇠감투
ko	무쇠독나방
ko	무쇠머리
ko	무쇠무인
ko	무쇠바퀴
ko	무쇠보따리
ko	무쇠손
ko	무쇠암석
ko	무쇠잎새
ko	무스틈니
ko	무우마
ko	무우마직
ko	무장조
ko	무한다이노
ko	물거미
ko	물짱이
ko	뮤
ko	뮤츠
ko	미꾸리
ko	미끄네일
ko	미끄래곤
ko	미끄메라
ko	미뇽
ko	미니브
ko	미라몽
ko	미라이돈
ko	밀로틱
ko	밀탱크
ko	바닐리치
ko	바닐프티
ko	바다그다
ko	바닥트리오
ko	바라철록
ko	바랜드
ko	바리톱스
ko	바오키
ko	바오프
ko	바우첼
ko	발바로
ko	발챙이
ko	밤선인
ko	방패톱스
ko	배루키
ko	배바닐라
ko	배쓰나이
ko	배우르
ko	백솜모카
ko	버드렉스
ko	버랜지나
ko	버섯꼬
ko	버섯모
ko	버터플
ko	버프론
ko	번치코
ko	벌차이
ko	베라카스
ko	베베놈
ko	베베솔트
ko	베이리프
ko	벰크
ko	벼리짱
ko	별가사리
ko	보르그
ko	보르쥐
ko	보만다
ko	보송송
ko	보스로라
ko	복숭악동
ko	볼비트
ko	볼케니온
ko	볼트로스
ko	부란다
ko	부르롱
ko	부르르룸
ko	부스터
ko	부우부
ko	분떠도리
ko	분이벌레
ko	분홍장이
ko	불꽃숭이
ko	불비달마
ko	불카모스
ko	불켜미
ko	불화살빈
ko	붐볼
ko	뷰티플라이
ko	브리가론
ko	브리두라스
ko	브리무음
ko	브이젤
ko	브케인
ko	블래키
ko	블레이범
ko	블로스터
ko	블루
ko	블리자포스
ko	비구술
ko	비나방
ko	비리디온
ko	비버니
ko	비버통
ko	비브라바
ko	비비용
ko	비조도
ko	비조푸
ko	비퀸
ko	비크티니
ko	빈나두
ko	빈티나
ko	빙큐보
ko	빠르모트
ko	빠모
ko	빠모트
ko	빼미스로우
ko	뽀록나
ko	뽀뽀라
ko	뿔충이
ko	뿔카노
ko	쁘사이저
ko	삐
ko	삐딱구리
ko	삐삐
ko	사나운버섯
ko	사다이사
ko	사랑동이
ko	사마자르
ko	사철록
ko	산호르곤
ko	삼삼드래
ko	샤로다
ko	샤미드
ko	샤비
ko	샤크니아
ko	샤프니아
ko	샹델라
ko	석탄산
ko	선인왕
ko	성원숭
ko	세꿀버리
ko	세레비
ko	세비퍼
ko	셀러
ko	소곤룡
ko	소미안
ko	손지브림
ko	솔가레오
ko	솔록
ko	솜솜코
ko	수댕이
ko	수레기
ko	수리둥보
ko	수풀부기
ko	쉐이미
ko	쉘곤
ko	슈륙챙이
ko	슈바르고
ko	슈쁘
ko	스라크
ko	스완나
ko	스왈로
ko	스이쿤
ko	스컹뿡
ko	스컹탱크
ko	스코빌런
ko	스콜피
ko	스태솔트
ko	스트린더
ko	슬리퍼
ko	슬리프
ko	시드라
ko	시라소몬
ko	시라칸
ko	시마사리
ko	시비꼬
ko	식스테일
ko	신뇽
ko	신비록
ko	실버디
ko	실쿤
ko	심보러
ko	싸리용
ko	쌍검자비
ko	쌍검킬
ko	쌔비냥
ko	썬더
ko	썬더라이
ko	썬더볼트
ko	쏘겨모
ko	쏘드라
ko	쏘콘
ko	씨레오
ko	씨카이저
ko	아고용
ko	아공이
ko	아그놈
ko	아꾸왁
ko	아노딥스
ko	아라리
ko	아르세우스
ko	아르코
ko	아리아도스
ko	아마루르가
ko	아마루스
ko	아말도
ko	아머까오
ko	아보
ko	아보크
ko	아이스크
ko	아이앤트
ko	아차모
ko	아케오스
ko	아켄
ko	아쿠스타
ko	악뜨거
ko	악비르
ko	악비아르
ko	악식킹
ko	안농
ko	알통몬
ko	암나이트
ko	암멍이
ko	암스타
ko	암트르
ko	암팰리스
ko	앗차키
ko	앗차프
ko	애버라스
ko	애프룡
ko	액스라이즈
ko	액슨도
ko	앤테이
ko	앤티골
ko	앱솔
ko	야나키
ko	야나프
ko	야느와르몽
ko	야도뇽
ko	야도란
ko	야도킹
ko	야돈
ko	야부엉
ko	약어리
ko	어니부기
ko	어둠대신
ko	어래곤
ko	어리짱
ko	어써러셔
ko	어지리더
ko	어치르돈
ko	어흥염
ko	얼루기
ko	얼음귀신
ko	에나비
ko	에레브
ko	에레키드
ko	에레키블
ko	에리본
ko	에몽가
ko	에브이
ko	에블리
ko	에써르
ko	에이스번
ko	에이팜
ko	엑스레그
ko	엘레이드
ko	엘리게이
ko	엘풍
ko	엠라이트
ko	엠페르트
ko	연꽃몬
ko	염뉴트
ko	염무왕
ko	염버니
ko	영구스
ko	영치코
ko	오거폰
ko	오기지게
ko	오뚝군
ko	오라티프
ko	오롱털
ko	오케이징
ko	올리뇨
ko	올리르바
ko	완철포
ko	왕구리
ko	왕눈해
ko	왕자리
ko	왕콘치
ko	왕큰부리
ko	요가랑
ko	요가램
ko	요씽리스
ko	요테리
ko	우라오스
ko	우락고래
ko	우렁찬꼬리
ko	우르
ko	우츠동
ko	우츠보트
ko	우파
ko	울머기
ko	워글
ko	웨이니발
ko	위대한엄니
ko	위유이
ko	윈디
ko	유니란
ko	유크시
ko	유토브
ko	육파리
ko	윤겔라
ko	으랏차
ko	윽우지
ko	음뱃
ko	음번
ko	이벨타르
ko	이브이
ko	이븐곰
ko	이상해꽃
ko	이상해씨
ko	이상해풀
ko	이야후
ko	이어롤
ko	이어롭
ko	이올브
ko	인텔리레온
ko	일레도리자드
ko	일레즌
ko	입치트
ko	잉어킹
ko	잎새코
ko	자루도
ko	자마슈
ko	자마젠타
ko	자말라
ko	자망칼
ko	자시안
ko	자포코일
ko	잠만보
ko	장침바루
ko	장크로다일
ko	쟝고
ko	저리더프
ko	저리릴
ko	저리어
ko	저승갓숭
ko	전룡
ko	전수목
ko	전지충이
ko	전툴라
ko	절각참
ko	절벼게
ko	점토도리
ko	제라오라
ko	제르네아스
ko	제브라이카
ko	제크로무
ko	조로아
ko	조로아크
ko	조타구
ko	종이신도
ko	주리비얀
ko	주뱃
ko	줄뮤마
ko	쥬레곤
ko	쥬쥬
ko	쥬피썬더
ko	지가르데
ko	지그제구리
ko	지라치
ko	직구리
ko	진주몽
ko	질뻐기
ko	질퍽이
ko	짜랑고우
ko	짜랑고우거
ko	짜랑꼬
ko	짜랑랑
ko	쪼마리
ko	쫀도기
ko	찌로꼬치
ko	찌르꼬
ko	찌르버드
ko	찌르성게
ko	찌르호크
ko	찌리리공
ko	찌리배리
ko	찌리비
ko	찌리비크
ko	차곡차곡
ko	차데스
ko	차오꿀
ko	창파나이트
ko	채키몽
ko	철시드
ko	철화구야
ko	체리꼬
ko	체리버
ko	초라기
ko	초롱순
ko	초염몽
ko	총어
ko	총지엔
ko	춤추새
ko	치갈기
ko	치고마
ko	치라미
ko	치라치노
ko	치렁
ko	치릴리
ko	치코리타
ko	칠색조
ko	침바루
ko	카디나르마
ko	카르본
ko	카스쿤
ko	카포에라
ko	카푸꼬꼬꼭
ko	카푸나비나
ko	카푸느지느
ko	카푸브루루
ko	칼라마네로
ko	캐스퐁
ko	캐이시
ko	캐터피
ko	캡싸이
ko	캥카
ko	케르디오
ko	케오퍼스
ko	켄타로스
ko	켄호로우
ko	켈리몬
ko	코고미
ko	코라이돈
ko	코리갑
ko	코바르온
ko	코뿌리
ko	코산호
ko	코스모그
ko	코스모움
ko	코일
ko	코코리
ko	코코파스
ko	코터스
ko	콕코구리
ko	콘치
ko	콘팡
ko	콜로솔트
ko	콩둘기
ko	콩알뚜기
ko	큐레무
ko	큐아링
ko	크라파
ko	크랩
ko	크레베이스
ko	크레세리아
ko	크로뱃
ko	크리만
ko	클레스퍼트라
ko	클레피
ko	키링키
ko	키요공
ko	키키링
ko	킬가르도
ko	킬라플로르
ko	킬리아
ko	킹드라
ko	킹크랩
ko	타격귀
ko	타랜툴라
ko	타만타
ko	타부자고
ko	타입:널
ko	타타륜
ko	탄동
ko	탄차곤
ko	탐리스
ko	탕구리
ko	태깅구르
ko	태우지네
ko	탱그릴
ko	탱탱겔
ko	터검니
ko	터벅고래
ko	턱지충이
ko	텅구리
ko	텅비드
ko	테라키온
ko	테라파고스
ko	테르나
ko	테오키스
ko	테일로
ko	토게데마루
ko	토게키스
ko	토게틱
ko	토게피
ko	토네로스
ko	토대부기
ko	토쇠골
ko	토오
ko	토중몬
ko	톱치
ko	통통코
ko	투구
ko	투구뿌논
ko	투구푸스
ko	툰베어
ko	트래피더
ko	트로피우스
ko	트리미앙
ko	트리토돈
ko	티고라스
ko	파라꼬
ko	파라블레이즈
ko	파라섹트
ko	파라스
ko	파르빗
ko	파르셀
ko	파르토
ko	파밀리쥐
ko	파비코
ko	파비코리
ko	파오리
ko	파오젠
ko	파이리
ko	파이숭이
ko	파이어
ko	파이어로
ko	파쪼옥
ko	파치래곤
ko	파치르돈
ko	파치리스
ko	파크로우
ko	판짱
ko	패리퍼
ko	팬텀
ko	팽도리
ko	팽태자
ko	퍼퓨돈
ko	펄기아
ko	펄스멍
ko	펌킨인
ko	페라페
ko	페로코체
ko	페르시온
ko	페이검
ko	펜드라
ko	포곰곰
ko	포니타
ko	포챠나
ko	포트데스
ko	포푸니
ko	포푸니라
ko	포푸니크
ko	폭거북스
ko	폭슬라이
ko	폭음룡
ko	폭타
ko	폴리곤
ko	폴리곤2
ko	폴리곤Z
ko	푸린
ko	푸크린
ko	푸푸린
ko	푸호꼬
ko	프레프티르
ko	프로토가
ko	프리져
ko	프리지오
ko	프테라
ko	플라베베
ko	플라엣테
ko	플라이곤
ko	플라제스
ko	플러시
ko	플로젤
ko	피그점프
ko	피그킹
ko	피오네
ko	피죤
ko	피죤투
ko	피츄
ko	피카츄
ko	피콘
ko	픽시
ko	핑복
ko	하느라기
ko	하데리어
ko	하랑우탄
ko	하리뭉
ko	하마돈
ko	한바이트
ko	한카리아스
ko	할비롱
ko	핫삼
ko	해골몽
ko	해너츠
ko	해루미
ko	해무기
ko	해피너스
ko	헌테일
ko	헤라크로스
ko	헬가
ko	형광어
ko	형사구스
ko	호바귀
ko	홍수몬
ko	화강돌
ko	화살꼬빈
ko	화염레오
ko	활화르바
ko	후딘
ko	후파
ko	훔처우
ko	휠구
ko	흉내내
ko	흔들풍손
ko	흥나숭
ko	히드런
ko	히포포타스
zh-hans	一家鼠
zh-hans	一对鼠
zh-hans	七夕青鸟
zh-hans	万针鱼
zh-hans	三合一磁怪
zh-hans	三地鼠
zh-hans	三海地鼠
zh-hans	三蜜蜂
zh-hans	三首恶龙
zh-hans	下石鸟
zh-hans	不良蛙
zh-hans	丑丑鱼
zh-hans	东施喵
zh-hans	丰蜜龙
zh-hans	乌波
zh-hans	乌贼王
zh-hans	乌鸦头头
zh-hans	乐天河童
zh-hans	九尾
zh-hans	亚克诺姆
zh-hans	人造细胞卵
zh-hans	仆刀将军
zh-hans	仙子伊布
zh-hans	代拉基翁
zh-hans	代欧奇希斯
zh-hans	以欧路普
zh-hans	伊布
zh-hans	伊裴尔塔尔
zh-hans	优雅猫
zh-hans	伞电蜥
zh-hans	伦琴猫
zh-hans	伪螳草
zh-hans	佛烈托斯
zh-hans	保姆曼波
zh-hans	保姆虫
zh-hans	信使鸟
zh-hans	修建老匠
zh-hans	偶叫獒
zh-hans	催眠貘
zh-hans	傲骨燕
zh-hans	光电伞蜥
zh-hans	光蚪仔
zh-hans	克雷色利亚
zh-hans	八爪武师
zh-hans	六尾
zh-hans	兰螳花
zh-hans	具甲武者
zh-hans	冰伊布
zh-hans	冰宝
zh-hans	冰岩怪
zh-hans	冰砌鹅
zh-hans	冰雪巨龙
zh-hans	冰雪龙
zh-hans	冰鬼护
zh-hans	冷水猴
zh-hans	冷水猿
zh-hans	冻原熊
zh-hans	冻脊龙
zh-hans	凉脊龙
zh-hans	几何雪花
zh-hans	凤王
zh-hans	凯罗斯
zh-hans	凯西
zh-hans	凯路迪欧
zh-hans	列阵兵
zh-hans	利欧路
zh-hans	利牙鱼
zh-hans	刺尾虫
zh-hans	刺梭鱼
zh-hans	刺球仙人掌
zh-hans	刺甲贝
zh-hans	刺龙王
zh-hans	劈斧螳螂
zh-hans	劈斩司令
zh-hans	力壮鸡
zh-hans	功夫鼬
zh-hans	勇基拉
zh-hans	勇士雄鹰
zh-hans	勒克猫
zh-hans	勾帕路翁
zh-hans	勾魂眼
zh-hans	化石盔
zh-hans	化石翼龙
zh-hans	千针鱼
zh-hans	千面避役
zh-hans	单卵细胞球
zh-hans	单首龙
zh-hans	南瓜怪人
zh-hans	南瓜精
zh-hans	卡咪龟
zh-hans	卡拉卡拉
zh-hans	卡比兽
zh-hans	卡璞・哞哞
zh-hans	卡璞・蝶蝶
zh-hans	卡璞・鳍鳍
zh-hans	卡璞・鸣鸣
zh-hans	卡蒂狗
zh-hans	卷卷耳
zh-hans	厄诡椪
zh-hans	原盖海龟
zh-hans	原野水母
zh-hans	叉字蝠
zh-hans	双倍多多冰
zh-hans	双刃丸
zh-hans	双剑鞘
zh-hans	双卵细胞球
zh-hans	双尾怪手
zh-hans	双弹瓦斯
zh-hans	双斧战龙
zh-hans	双首暴龙
zh-hans	变涩蜥
zh-hans	变隐龙
zh-hans	口呆花
zh-hans	古剑豹
zh-hans	古月鸟
zh-hans	古玉鱼
zh-hans	古空棘鱼
zh-hans	古简蜗
zh-hans	古鼎鹿
zh-hans	可可多拉
zh-hans	可多拉
zh-hans	可达鸭
zh-hans	叶伊布
zh-hans	吃吼霸
zh-hans	吉利蛋
zh-hans	吉雉鸡
zh-hans	向尾喵
zh-hans	向日种子
zh-hans	向日花怪
zh-hans	君主蛇
zh-hans	吞食兽
zh-hans	含羞苞
zh-hans	吼叫尾
zh-hans	吼吼鲸
zh-hans	吼爆弹
zh-hans	吼鲸王
zh-hans	呆呆兽
zh-hans	呆呆王
zh-hans	呆壳兽
zh-hans	呆火驼
zh-hans	呆火鳄
zh-hans	呱呱泡蛙
zh-hans	呱头蛙
zh-hans	咕咕
zh-hans	咕咕鸽
zh-hans	咕妞妞
zh-hans	咚咚鼠
zh-hans	咩利羊
zh-hans	咬咬龟
zh-hans	哈克龙
zh-hans	哈力栗
zh-hans	哈约克
zh-hans	哎呀球菇
zh-hans	哥德宝宝
zh-hans	哥德小姐
zh-hans	哥德小童
zh-hans	哥达鸭
zh-hans	哭哭面具
zh-hans	哲尔尼亚斯
zh-hans	啃果虫
zh-hans	啪咚猴
zh-hans	啪嚓海胆
zh-hans	喇叭啄鸟
zh-hans	喇叭芽
zh-hans	喵喵
zh-hans	喵头目
zh-hans	喷嚏熊
zh-hans	喷火驼
zh-hans	喷火龙
zh-hans	嗡蝠
zh-hans	嘎啦嘎啦
zh-hans	嘟嘟
zh-hans	嘟嘟利
zh-hans	噗噗猪
zh-hans	噗隆隆
zh-hans	噬沙堡爷
zh-hans	四季鹿
zh-hans	四颚针龙
zh-hans	团珠蛛
zh-hans	固拉多
zh-hans	图图犬
zh-hans	圆丝蛛
zh-hans	圆法师
zh-hans	圆蝌蚪
zh-hans	圆陆鲨
zh-hans	圈圈熊
zh-hans	土台龟
zh-hans	土地云
zh-hans	土居忍士
zh-hans	土狼犬
zh-hans	土王
zh-hans	土龙弟弟
zh-hans	土龙节节
zh-hans	地幔岩
zh-hans	地鼠
zh-hans	坐骑小羊
zh-hans	坐骑山羊
zh-hans	坚果哑铃
zh-hans	坚盾剑怪
zh-hans	坦克臭鼬
zh-hans	垃垃藻
zh-hans	垒磊石
zh-hans	基拉祈
zh-hans	基格尔德
zh-hans	堵拦熊
zh-hans	墓仔狗
zh-hans	墓扬犬
zh-hans	墨海马
zh-hans	壶壶
zh-hans	多丽米亚
zh-hans	多刺菊石兽
zh-hans	多多冰
zh-hans	多边兽
zh-hans	多边兽乙型
zh-hans	多边兽２型
zh-hans	多龙奇
zh-hans	多龙巴鲁托
zh-hans	多龙梅西亚
zh-hans	夜巡灵
zh-hans	夜盗火蜥
zh-hans	够赞狗
zh-hans	大剑鬼
zh-hans	大力鳄
zh-hans	大嘴娃
zh-hans	大嘴蝠
zh-hans	大嘴雀
zh-hans	大嘴鸥
zh-hans	大奶罐
zh-hans	大宇怪
zh-hans	大尾狸
zh-hans	大尾立
zh-hans	大岩蛇
zh-hans	大朝北鼻
zh-hans	大比鸟
zh-hans	大炭车
zh-hans	大牙狸
zh-hans	大狃拉
zh-hans	大狼犬
zh-hans	大王燕
zh-hans	大王铜象
zh-hans	大电海燕
zh-hans	大竺葵
zh-hans	大舌头
zh-hans	大舌舔
zh-hans	大舌贝
zh-hans	大葱鸭
zh-hans	大针蜂
zh-hans	大钢蛇
zh-hans	大钳蟹
zh-hans	大颚蚁
zh-hans	大食花
zh-hans	天然雀
zh-hans	天然鸟
zh-hans	天秤偶
zh-hans	天罩虫
zh-hans	天蝎
zh-hans	天蝎王
zh-hans	太乐巴戈斯
zh-hans	太古盔甲
zh-hans	太古羽虫
zh-hans	太阳伊布
zh-hans	太阳岩
zh-hans	太阳珊瑚
zh-hans	头巾混混
zh-hans	头盖龙
zh-hans	奇诺栗鼠
zh-hans	奇鲁莉安
zh-hans	奇麒麟
zh-hans	奈克洛兹玛
zh-hans	奥利瓦
zh-hans	奥利纽
zh-hans	好啦鱿
zh-hans	好坏星
zh-hans	好胜毛蟹
zh-hans	好胜蟹
zh-hans	妖火红狐
zh-hans	妙喵
zh-hans	妙蛙种子
zh-hans	妙蛙花
zh-hans	妙蛙草
zh-hans	姆克儿
zh-hans	姆克鸟
zh-hans	姆克鹰
zh-hans	始祖大鸟
zh-hans	始祖小鸟
zh-hans	安瓢虫
zh-hans	宝包茧
zh-hans	宝宝丁
zh-hans	宝宝暴龙
zh-hans	宝石海星
zh-hans	宝贝龙
zh-hans	密勒顿
zh-hans	小仙奶
zh-hans	小卡比兽
zh-hans	小嘴蜗
zh-hans	小小象
zh-hans	小山猪
zh-hans	小拉达
zh-hans	小拳石
zh-hans	小木灵
zh-hans	小果然
zh-hans	小海狮
zh-hans	小火焰猴
zh-hans	小火马
zh-hans	小火龙
zh-hans	小灰怪
zh-hans	小炭仔
zh-hans	小狮狮
zh-hans	小猫怪
zh-hans	小球飞鱼
zh-hans	小碎钻
zh-hans	小磁怪
zh-hans	小福蛋
zh-hans	小笃儿
zh-hans	小箭雀
zh-hans	小约克
zh-hans	小锯鳄
zh-hans	小锻匠
zh-hans	小陨星
zh-hans	尖牙笼
zh-hans	尖牙陆鲨
zh-hans	尼多兰
zh-hans	尼多力诺
zh-hans	尼多后
zh-hans	尼多娜
zh-hans	尼多朗
zh-hans	尼多王
zh-hans	尾立
zh-hans	属性：空
zh-hans	岩殿居蟹
zh-hans	岩狗狗
zh-hans	巧锻匠
zh-hans	巨沼怪
zh-hans	巨炭山
zh-hans	巨牙鲨
zh-hans	巨石丁
zh-hans	巨翅飞鱼
zh-hans	巨蔓藤
zh-hans	巨金怪
zh-hans	巨钳螳螂
zh-hans	巨钳蟹
zh-hans	巨锻匠
zh-hans	差不多娃娃
zh-hans	巴大蝶
zh-hans	巴布土拨
zh-hans	布土拨
zh-hans	布拨
zh-hans	布莉姆温
zh-hans	布里卡隆
zh-hans	布鲁
zh-hans	布鲁皇
zh-hans	师父鼬
zh-hans	帕奇利兹
zh-hans	帕路奇亚
zh-hans	帝牙卢卡
zh-hans	帝牙海狮
zh-hans	帝王拿波
zh-hans	席多蓝恩
zh-hans	幕下力士
zh-hans	幸福蛋
zh-hans	幼基拉斯
zh-hans	幼棉棉
zh-hans	幽尾玄鱼
zh-hans	庞岩怪
zh-hans	弃世猴
zh-hans	引梦貘人
zh-hans	弱丁鱼
zh-hans	强颚鸡母虫
zh-hans	彩粉蝶
zh-hans	彷徨夜灵
zh-hans	心蝙蝠
zh-hans	心鳞宝
zh-hans	快拳郎
zh-hans	快龙
zh-hans	念力土偶
zh-hans	怒鹦哥
zh-hans	怖思壶
zh-hans	怖纳噬草
zh-hans	急冻鸟
zh-hans	怨影娃娃
zh-hans	怪力
zh-hans	怪颚龙
zh-hans	恰雷姆
zh-hans	恶食大王
zh-hans	惊角鹿
zh-hans	愿增猿
zh-hans	懒人獭
zh-hans	战槌龙
zh-hans	战舞郎
zh-hans	戟脊龙
zh-hans	戴鲁比
zh-hans	戽斗尖梭
zh-hans	扒手猫
zh-hans	打击鬼
zh-hans	托戈德玛尔
zh-hans	投掷猴
zh-hans	投摔鬼
zh-hans	投羽枭
zh-hans	护城龙
zh-hans	拉帝亚斯
zh-hans	拉帝欧斯
zh-hans	拉普拉斯
zh-hans	拉达
zh-hans	拉鲁拉丝
zh-hans	拖拖蚓
zh-hans	拳拳蛸
zh-hans	拳海参
zh-hans	振翼发
zh-hans	捣蛋小妖
zh-hans	捷克罗姆
zh-hans	捷拉奥拉
zh-hans	掘地兔
zh-hans	掘掘兔
zh-hans	探探鼠
zh-hans	提布莉姆
zh-hans	搬运小匠
zh-hans	摇篮百合
zh-hans	摔角鹰人
zh-hans	摩托蜥
zh-hans	摩鲁蛾
zh-hans	操陷蛛
zh-hans	故勒顿
zh-hans	敏捷虫
zh-hans	敲音猴
zh-hans	斑斑马
zh-hans	斗笠菇
zh-hans	斧牙龙
zh-hans	斯魔茶
zh-hans	新叶喵
zh-hans	无壳海兔
zh-hans	无极汰那
zh-hans	无畏小子
zh-hans	时拉比
zh-hans	晃晃斑
zh-hans	普隆隆姆
zh-hans	晶光花
zh-hans	晶光芽
zh-hans	智挥猩
zh-hans	暖暖猪
zh-hans	暴噬龟
zh-hans	暴雪王
zh-hans	暴飞龙
zh-hans	暴鲤龙
zh-hans	月亮伊布
zh-hans	月月熊
zh-hans	月桂叶
zh-hans	月石
zh-hans	朝北鼻
zh-hans	木守宫
zh-hans	木木枭
zh-hans	木棉球
zh-hans	未知图腾
zh-hans	朽木妖
zh-hans	杖尾鳞甲龙
zh-hans	来悲粗茶
zh-hans	来悲茶
zh-hans	来电汪
zh-hans	杰尼龟
zh-hans	果然翁
zh-hans	树才怪
zh-hans	树枕尾熊
zh-hans	树林龟
zh-hans	桃歹郎
zh-hans	梦妖
zh-hans	梦妖魔
zh-hans	梦幻
zh-hans	梦梦蚀
zh-hans	梦歌仙人掌
zh-hans	森林蜥蜴
zh-hans	椰蛋树
zh-hans	榛果球
zh-hans	樱花儿
zh-hans	樱花宝
zh-hans	樱花鱼
zh-hans	橡实果
zh-hans	正电拍拍
zh-hans	步哨鼠
zh-hans	武道熊师
zh-hans	毒刺水母
zh-hans	毒粉蛾
zh-hans	毒蔷薇
zh-hans	毒藻龙
zh-hans	毒贝比
zh-hans	毒骷蛙
zh-hans	比克提尼
zh-hans	比比鸟
zh-hans	毕力吉翁
zh-hans	毛头小鹰
zh-hans	毛崖蟹
zh-hans	毛毛角羊
zh-hans	毛球
zh-hans	毛辫羊
zh-hans	毽子棉
zh-hans	毽子花
zh-hans	毽子草
zh-hans	水伊布
zh-hans	水君
zh-hans	水晶灯火灵
zh-hans	水水獭
zh-hans	水箭龟
zh-hans	水跃鱼
zh-hans	沙丘娃
zh-hans	沙包蛇
zh-hans	沙基拉斯
zh-hans	沙奈朵
zh-hans	沙河马
zh-hans	沙漠蜻蜓
zh-hans	沙螺蟒
zh-hans	沙铁皮
zh-hans	沙铃仙人掌
zh-hans	河马兽
zh-hans	沼王
zh-hans	沼跃鱼
zh-hans	泡沫栗鼠
zh-hans	波克基古
zh-hans	波克基斯
zh-hans	波克比
zh-hans	波加曼
zh-hans	波士可多拉
zh-hans	波尔凯尼恩
zh-hans	波普海豚
zh-hans	波波
zh-hans	波皇子
zh-hans	波荡水
zh-hans	泥偶小人
zh-hans	泥偶巨人
zh-hans	泥巴鱼
zh-hans	泥泥鳅
zh-hans	泥驴仔
zh-hans	泪眼蜥
zh-hans	泳圈鼬
zh-hans	洛奇亚
zh-hans	洛托姆
zh-hans	派拉斯
zh-hans	派拉斯特
zh-hans	流氓鳄
zh-hans	浩大鲸
zh-hans	浮潜鼬
zh-hans	海兔兽
zh-hans	海刺龙
zh-hans	海地鼠
zh-hans	海星星
zh-hans	海豚侠
zh-hans	海豹球
zh-hans	海魔狮
zh-hans	涂标客
zh-hans	涌跃鸭
zh-hans	润水鸭
zh-hans	混混鳄
zh-hans	溜溜糖球
zh-hans	溶食兽
zh-hans	滋汁鼹
zh-hans	滑滑小子
zh-hans	滚滚蝙蝠
zh-hans	滴蛛
zh-hans	滴蛛霸
zh-hans	火伊布
zh-hans	火岩鼠
zh-hans	火恐龙
zh-hans	火斑喵
zh-hans	火暴兽
zh-hans	火暴猴
zh-hans	火炎狮
zh-hans	火焰鸟
zh-hans	火焰鸡
zh-hans	火狐狸
zh-hans	火球鼠
zh-hans	火神蛾
zh-hans	火稚鸡
zh-hans	火箭雀
zh-hans	火红不倒翁
zh-hans	灯火幽灵
zh-hans	灯笼鱼
zh-hans	灯罩夜菇
zh-hans	灰尘山
zh-hans	灵幽马
zh-hans	炎兔儿
zh-hans	炎帝
zh-hans	炎武王
zh-hans	炎热喵
zh-hans	炒炒猪
zh-hans	炙烫鳄
zh-hans	炭小侍
zh-hans	炽焰咆哮虎
zh-hans	烈咬陆鲨
zh-hans	烈焰猴
zh-hans	烈焰马
zh-hans	烈空坐
zh-hans	烈箭鹰
zh-hans	烈腿蝗
zh-hans	烈雀
zh-hans	烛光灵
zh-hans	烧火蚣
zh-hans	热带龙
zh-hans	热辣娃
zh-hans	焚焰蚣
zh-hans	焰后蜥
zh-hans	煤炭龟
zh-hans	熊宝宝
zh-hans	熊徒弟
zh-hans	熔岩虫
zh-hans	熔岩蜗牛
zh-hans	熔蚁兽
zh-hans	燃烧虫
zh-hans	爆炸头水牛
zh-hans	爆焰龟兽
zh-hans	爆肌蚊
zh-hans	爆音怪
zh-hans	爆香猴
zh-hans	爆香猿
zh-hans	爬地翅
zh-hans	爱吃豚
zh-hans	爱心鱼
zh-hans	爱管侍
zh-hans	牙牙
zh-hans	狂欢浪舞鸭
zh-hans	狃拉
zh-hans	狗仔包
zh-hans	狙射树枭
zh-hans	狠辣椒
zh-hans	狡小狐
zh-hans	狡猾天狗
zh-hans	狩猎凤蝶
zh-hans	独剑鞘
zh-hans	独角犀牛
zh-hans	独角虫
zh-hans	猎斑鱼
zh-hans	猛恶菇
zh-hans	猛火猴
zh-hans	猛雷鼓
zh-hans	猫头夜鹰
zh-hans	猫老大
zh-hans	猫鼬少
zh-hans	猫鼬探长
zh-hans	猫鼬斩
zh-hans	猴怪
zh-hans	猾大狐
zh-hans	獒教父
zh-hans	玛力露
zh-hans	玛力露丽
zh-hans	玛夏多
zh-hans	玛机雅娜
zh-hans	玛沙那
zh-hans	玛狃拉
zh-hans	玛瑙水母
zh-hans	玛纳霏
zh-hans	珍珠贝
zh-hans	班基拉斯
zh-hans	球球海狮
zh-hans	瓦斯弹
zh-hans	甜冷美后
zh-hans	甜甜萤
zh-hans	甜竹竹
zh-hans	甜舞妮
zh-hans	由克希
zh-hans	甲壳茧
zh-hans	甲壳龙
zh-hans	甲贺忍蛙
zh-hans	电击兽
zh-hans	电击怪
zh-hans	电击魔兽
zh-hans	电束木
zh-hans	电海燕
zh-hans	电灯怪
zh-hans	电电虫
zh-hans	电肚蛙
zh-hans	电萤虫
zh-hans	电蜘蛛
zh-hans	电音婴
zh-hans	电飞鼠
zh-hans	电龙
zh-hans	白海狮
zh-hans	白蓬蓬
zh-hans	百变怪
zh-hans	百合根娃娃
zh-hans	百足蜈蚣
zh-hans	皮丘
zh-hans	皮卡丘
zh-hans	皮可西
zh-hans	皮宝宝
zh-hans	皮皮
zh-hans	盆才怪
zh-hans	盐石垒
zh-hans	盐石宝
zh-hans	盐石巨灵
zh-hans	盔甲鸟
zh-hans	盖欧卡
zh-hans	盖盖虫
zh-hans	盖诺赛克特
zh-hans	直冲熊
zh-hans	盾甲茧
zh-hans	盾甲龙
zh-hans	眷恋云
zh-hans	睡睡菇
zh-hans	石丸子
zh-hans	石居蟹
zh-hans	砰头小丑
zh-hans	破破舵轮
zh-hans	破破袋
zh-hans	破空焰
zh-hans	磨牙彩皮鱼
zh-hans	秃鹰丫头
zh-hans	秃鹰娜
zh-hans	种子铁球
zh-hans	科斯莫古
zh-hans	科斯莫姆
zh-hans	稚山雀
zh-hans	穿山王
zh-hans	穿山鼠
zh-hans	穿着熊
zh-hans	章鱼桶
zh-hans	童偶熊
zh-hans	米立龙
zh-hans	粉蝶虫
zh-hans	粉蝶蛹
zh-hans	粉香香
zh-hans	索侦虫
zh-hans	索尔迦雷欧
zh-hans	索罗亚
zh-hans	索罗亚克
zh-hans	索财灵
zh-hans	纏红鹤
zh-hans	红莲铠骑
zh-hans	纳噬草
zh-hans	纸御剑
zh-hans	绅士蛾
zh-hans	结草儿
zh-hans	结草贵妇
zh-hans	绵绵泡芙
zh-hans	绿毛虫
zh-hans	罗丝雷朵
zh-hans	美丽花
zh-hans	美录坦
zh-hans	美录梅塔
zh-hans	美洛耶塔
zh-hans	美纳斯
zh-hans	老翁龙
zh-hans	耿鬼
zh-hans	聒噪鸟
zh-hans	肋骨海龟
zh-hans	肯泰罗
zh-hans	胆小虫
zh-hans	胖丁
zh-hans	胖可丁
zh-hans	胖嘟嘟
zh-hans	胖甜妮
zh-hans	胖胖哈力
zh-hans	胡地
zh-hans	胡帕
zh-hans	脱壳忍者
zh-hans	腕力
zh-hans	腾蹴小将
zh-hans	自爆磁怪
zh-hans	臭泥
zh-hans	臭臭泥
zh-hans	臭臭花
zh-hans	臭鼬噗
zh-hans	舞天鹅
zh-hans	艾姆利多
zh-hans	艾路雷朵
zh-hans	芭瓢虫
zh-hans	花叶蒂
zh-hans	花岩怪
zh-hans	花椰猴
zh-hans	花椰猿
zh-hans	花洁夫人
zh-hans	花漾海狮
zh-hans	花疗环环
zh-hans	花舞鸟
zh-hans	花蓓蓓
zh-hans	芳香精
zh-hans	苍响
zh-hans	苍炎刃鬼
zh-hans	苹裹龙
zh-hans	茸茸羊
zh-hans	草苗龟
zh-hans	荧光鱼
zh-hans	莫鲁贝可
zh-hans	莱希拉姆
zh-hans	莲叶童子
zh-hans	莲帽小童
zh-hans	菊石兽
zh-hans	菊草叶
zh-hans	萌芽鹿
zh-hans	萌虻
zh-hans	萨戮德
zh-hans	落雷兽
zh-hans	葱游兵
zh-hans	蒂安希
zh-hans	蒂蕾喵
zh-hans	蓝蟾蜍
zh-hans	蓝鳄
zh-hans	蓝鸦
zh-hans	蔓藤怪
zh-hans	蕾冠王
zh-hans	藏玛然特
zh-hans	藏饱栗鼠
zh-hans	藤藤蛇
zh-hans	蘑蘑菇
zh-hans	虚吾伊德
zh-hans	虫宝包
zh-hans	虫滚泥
zh-hans	虫甲圣
zh-hans	虫电宝
zh-hans	蚊香君
zh-hans	蚊香泳士
zh-hans	蚊香蛙皇
zh-hans	蚊香蝌蚪
zh-hans	蛇纹熊
zh-hans	蛋蛋
zh-hans	蜂女王
zh-hans	蜈蚣王
zh-hans	蜜集大蛇
zh-hans	蜥蜴王
zh-hans	蜻蜻蜓
zh-hans	蝶结萌虻
zh-hans	螺钉地鼠
zh-hans	蟾蜍王
zh-hans	袋兽
zh-hans	裙儿小姐
zh-hans	裹蜜虫
zh-hans	西狮海壬
zh-hans	角金鱼
zh-hans	触手百合
zh-hans	诅咒娃娃
zh-hans	诈唬魔
zh-hans	诡角鹿
zh-hans	请假王
zh-hans	谜拟丘
zh-hans	谢米
zh-hans	豆蟋蟀
zh-hans	豆豆鸽
zh-hans	象征鸟
zh-hans	象牙猪
zh-hans	豪力
zh-hans	負电拍拍
zh-hans	败露球菇
zh-hans	贪心栗鼠
zh-hans	费洛美螂
zh-hans	赛富豪
zh-hans	赤面龙
zh-hans	赫拉克罗斯
zh-hans	走路草
zh-hans	走鲸
zh-hans	超坏星
zh-hans	超梦
zh-hans	超甲狂犀
zh-hans	超能妙喵
zh-hans	超能艳鸵
zh-hans	超音波幼虫
zh-hans	超音蝠
zh-hans	路卡利欧
zh-hans	跳跳猪
zh-hans	踏冰人偶
zh-hans	车轮球
zh-hans	轰擂金刚猩
zh-hans	轰鸣月
zh-hans	轻身鳕
zh-hans	轻飘飘
zh-hans	达克莱伊
zh-hans	达摩狒狒
zh-hans	过动猿
zh-hans	远古巨蜓
zh-hans	迭失板
zh-hans	迭失棺
zh-hans	迷你冰
zh-hans	迷你芙
zh-hans	迷你龙
zh-hans	迷唇姐
zh-hans	迷唇娃
zh-hans	迷布莉姆
zh-hans	逐电犬
zh-hans	酋雷姆
zh-hans	酷豹
zh-hans	重泥挽马
zh-hans	野蛮鲈鱼
zh-hans	金属怪
zh-hans	金鱼王
zh-hans	鐵磐岩
zh-hans	鐵頭殼
zh-hans	钢炮臂虾
zh-hans	钢铠鸦
zh-hans	钥圈儿
zh-hans	钳尾蝎
zh-hans	钻角犀兽
zh-hans	铁包袱
zh-hans	铁哑铃
zh-hans	铁壳蛹
zh-hans	铁掌力士
zh-hans	铁斑叶
zh-hans	铁武者
zh-hans	铁毒蛾
zh-hans	铁火辉夜
zh-hans	铁炮鱼
zh-hans	铁甲蛹
zh-hans	铁脖颈
zh-hans	铁臂枪虾
zh-hans	铁臂膀
zh-hans	铁荆棘
zh-hans	铁蚁
zh-hans	铁螯龙虾
zh-hans	铁轍迹
zh-hans	铁面忍者
zh-hans	铁骨土人
zh-hans	铃铛响
zh-hans	铜象
zh-hans	铜镜怪
zh-hans	铝钢桥龙
zh-hans	铝钢龙
zh-hans	铳嘴大鸟
zh-hans	银伴战兽
zh-hans	锹农炮虫
zh-hans	镰刀盔
zh-hans	长尾怪手
zh-hans	长尾火狐
zh-hans	长毛巨魔
zh-hans	长毛狗
zh-hans	长毛猪
zh-hans	长翅鸥
zh-hans	长耳兔
zh-hans	长鼻叶
zh-hans	闪焰王牌
zh-hans	闪电鸟
zh-hans	阿利多斯
zh-hans	阿勃梭鲁
zh-hans	阿尔宙斯
zh-hans	阿柏怪
zh-hans	阿柏蛇
zh-hans	陆地水母
zh-hans	隆隆岩
zh-hans	隆隆石
zh-hans	随风球
zh-hans	雄伟牙
zh-hans	雨翅蛾
zh-hans	雪吞虫
zh-hans	雪妖女
zh-hans	雪暴马
zh-hans	雪童子
zh-hans	雪笠怪
zh-hans	雪绒蛾
zh-hans	雷丘
zh-hans	雷伊布
zh-hans	雷公
zh-hans	雷吉奇卡斯
zh-hans	雷吉斯奇鲁
zh-hans	雷吉洛克
zh-hans	雷吉艾勒奇
zh-hans	雷吉艾斯
zh-hans	雷吉铎拉戈
zh-hans	雷电云
zh-hans	雷电兽
zh-hans	雷电斑马
zh-hans	雷鸟海兽
zh-hans	雷鸟龙
zh-hans	霏欧纳
zh-hans	霓虹鱼
zh-hans	霜奶仙
zh-hans	露力丽
zh-hans	露奈雅拉
zh-hans	霸王花
zh-hans	霸道熊猫
zh-hans	霹雳电球
zh-hans	青绵鸟
zh-hans	青藤蛇
zh-hans	青铜钟
zh-hans	音波龙
zh-hans	音箱蟀
zh-hans	顽皮熊猫
zh-hans	顽皮雷弹
zh-hans	顿甲
zh-hans	颤弦蝾螈
zh-hans	风妖精
zh-hans	风速狗
zh-hans	风铃铃
zh-hans	飘浮泡泡
zh-hans	飘飘球
zh-hans	飘飘雏
zh-hans	飘香豚
zh-hans	飞天螳螂
zh-hans	飞腿郎
zh-hans	食梦梦
zh-hans	饭匙蛇
zh-hans	驹刀小兵
zh-hans	骑士蜗牛
zh-hans	骑拉帝纳
zh-hans	骨纹巨声鳄
zh-hans	高傲雉鸡
zh-hans	鬃岩狼人
zh-hans	鬼斯
zh-hans	鬼斯通
zh-hans	魅力喵
zh-hans	魔墙人偶
zh-hans	魔尼尼
zh-hans	魔幻假面喵
zh-hans	魔灵珊瑚
zh-hans	鲤鱼王
zh-hans	鲶鱼王
zh-hans	鳃鱼海兽
zh-hans	鳃鱼龙
zh-hans	鳞甲龙
zh-hans	鸭嘴宝宝
zh-hans	鸭嘴火兽
zh-hans	鸭嘴炎兽
zh-hans	鸭宝宝
zh-hans	麒麟奇
zh-hans	麻花犬
zh-hans	麻麻小鱼
zh-hans	麻麻鳗
zh-hans	麻麻鳗鱼王
zh-hans	黏美儿
zh-hans	黏美龙
zh-hans	黏黏宝
zh-hans	黑夜魔灵
zh-hans	黑暗鸦
zh-hans	黑眼鳄
zh-hans	黑鲁加
zh-hans	齿轮儿
zh-hans	齿轮怪
zh-hans	齿轮组
zh-hans	龙卷云
zh-hans	龙头地鼠
zh-hans	龙王蝎
zh-hans	龙虾小兵
zh-hans	龟脚脚
zh-hans	龟足巨铠
zh-hant	一家鼠
zh-hant	一對鼠
zh-hant	七夕青鳥
zh-hant	三合一磁怪
zh-hant	三地鼠
zh-hant	三海地鼠
zh-hant	三蜜蜂
zh-hant	三首惡龍
zh-hant	下石鳥
zh-hant	不良蛙
zh-hant	九尾
zh-hant	亞克諾姆
zh-hant	人造細胞卵
zh-hant	仆刀將軍
zh-hant	仙子伊布
zh-hant	代拉基翁
zh-hant	代歐奇希斯
zh-hant	以歐路普
zh-hant	伊布
zh-hant	伊裴爾塔爾
zh-hant	佛烈托斯
zh-hant	來悲粗茶
zh-hant	來悲茶
zh-hant	來電汪
zh-hant	保母曼波
zh-hant	保母蟲
zh-hant	信使鳥
zh-hant	修建老匠
zh-hant	倫琴貓
zh-hant	偶叫獒
zh-hant	偷兒狐
zh-hant	偽螳草
zh-hant	傑尼龜
zh-hant	傘電蜥
zh-hant	催眠貘
zh-hant	傲骨燕
zh-hant	優雅貓
zh-hant	光蚪仔
zh-hant	光電傘蜥
zh-hant	克雷色利亞
zh-hant	八爪武師
zh-hant	六尾
zh-hant	具甲武者
zh-hant	冰伊布
zh-hant	冰寶
zh-hant	冰岩怪
zh-hant	冰砌鵝
zh-hant	冰雪巨龍
zh-hant	冰雪龍
zh-hant	冰鬼護
zh-hant	冷水猴
zh-hant	冷水猿
zh-hant	凍原熊
zh-hant	凍脊龍
zh-hant	凱羅斯
zh-hant	凱西
zh-hant	凱路迪歐
zh-hant	列陣兵
zh-hant	利歐路
zh-hant	利牙魚
zh-hant	刺尾蟲
zh-hant	刺梭魚
zh-hant	刺球仙人掌
zh-hant	刺甲貝
zh-hant	刺龍王
zh-hant	劈斧螳螂
zh-hant	劈斬司令
zh-hant	力壯雞
zh-hant	功夫鼬
zh-hant	勇基拉
zh-hant	勇士雄鷹
zh-hant	勒克貓
zh-hant	勾帕路翁
zh-hant	勾魂眼
zh-hant	化石盔
zh-hant	化石翼龍
zh-hant	千針魚
zh-hant	千面避役
zh-hant	南瓜怪人
zh-hant	南瓜精
zh-hant	卡咪龜
zh-hant	卡拉卡拉
zh-hant	卡比獸
zh-hant	卡璞・哞哞
zh-hant	卡璞・蝶蝶
zh-hant	卡璞・鰭鰭
zh-hant	卡璞・鳴鳴
zh-hant	卡蒂狗
zh-hant	厄鬼椪
zh-hant	原蓋海龜
zh-hant	原野水母
zh-hant	叉字蝠
zh-hant	口呆花
zh-hant	古劍豹
zh-hant	古月鳥
zh-hant	古玉魚
zh-hant	古空棘魚
zh-hant	古簡蝸
zh-hant	古鼎鹿
zh-hant	可可多拉
zh-hant	可多拉
zh-hant	可達鴨
zh-hant	吃吼霸
zh-hant	吉利蛋
zh-hant	吉雉雞
zh-hant	向尾喵
zh-hant	向日種子
zh-hant	向日花怪
zh-hant	君主蛇
zh-hant	吞食獸
zh-hant	含羞苞
zh-hant	吼叫尾
zh-hant	吼吼鯨
zh-hant	吼爆彈
zh-hant	吼鯨王
zh-hant	呆呆獸
zh-hant	呆呆王
zh-hant	呆殼獸
zh-hant	呆火駝
zh-hant	呆火鱷
zh-hant	呱呱泡蛙
zh-hant	呱頭蛙
zh-hant	咕咕
zh-hant	咕咕鴿
zh-hant	咕妞妞
zh-hant	咚咚鼠
zh-hant	咩利羊
zh-hant	咬咬龜
zh-hant	哈克龍
zh-hant	哈力栗
zh-hant	哈約克
zh-hant	哎呀球菇
zh-hant	哥德寶寶
zh-hant	哥德小姐
zh-hant	哥德小童
zh-hant	哥達鴨
zh-hant	哭哭面具
zh-hant	哲爾尼亞斯
zh-hant	啃果蟲
zh-hant	啪咚猴
zh-hant	啪嚓海膽
zh-hant	喇叭啄鳥
zh-hant	喇叭芽
zh-hant	單卵細胞球
zh-hant	單首龍
zh-hant	喵喵
zh-hant	喵頭目
zh-hant	嗡蝠
zh-hant	嘎啦嘎啦
zh-hant	嘟嘟
zh-hant	嘟嘟利
zh-hant	噗噗豬
zh-hant	噗隆隆
zh-hant	噬沙堡爺
zh-hant	噴嚏熊
zh-hant	噴火駝
zh-hant	噴火龍
zh-hant	四季鹿
zh-hant	四顎針龍
zh-hant	固拉多
zh-hant	圈圈熊
zh-hant	圓法師
zh-hant	圓絲蛛
zh-hant	圓蝌蚪
zh-hant	圓陸鯊
zh-hant	圖圖犬
zh-hant	團珠蛛
zh-hant	土台龜
zh-hant	土地雲
zh-hant	土居忍士
zh-hant	土狼犬
zh-hant	土王
zh-hant	土龍弟弟
zh-hant	土龍節節
zh-hant	地幔岩
zh-hant	地鼠
zh-hant	坐騎小羊
zh-hant	坐騎山羊
zh-hant	坦克臭鼬
zh-hant	垃垃藻
zh-hant	基拉祈
zh-hant	基格爾德
zh-hant	堅果啞鈴
zh-hant	堅盾劍怪
zh-hant	堵攔熊
zh-hant	塗標客
zh-hant	墓仔狗
zh-hant	墓揚犬
zh-hant	墨海馬
zh-hant	壘磊石
zh-hant	壺壺
zh-hant	多刺菊石獸
zh-hant	多多冰
zh-hant	多邊獸
zh-hant	多邊獸Ⅱ
zh-hant	多邊獸Ｚ
zh-hant	多麗米亞
zh-hant	多龍奇
zh-hant	多龍巴魯托
zh-hant	多龍梅西亞
zh-hant	夜巡靈
zh-hant	夜盜火蜥
zh-hant	夠讚狗
zh-hant	夢夢蝕
zh-hant	夢妖
zh-hant	夢妖魔
zh-hant	夢幻
zh-hant	夢歌仙人掌
zh-hant	大劍鬼
zh-hant	大力鱷
zh-hant	大嘴娃
zh-hant	大嘴蝠
zh-hant	大嘴雀
zh-hant	大嘴鷗
zh-hant	大奶罐
zh-hant	大宇怪
zh-hant	大尾狸
zh-hant	大尾立
zh-hant	大岩蛇
zh-hant	大朝北鼻
zh-hant	大比鳥
zh-hant	大炭車
zh-hant	大牙狸
zh-hant	大狃拉
zh-hant	大狼犬
zh-hant	大王燕
zh-hant	大王銅象
zh-hant	大竺葵
zh-hant	大舌舔
zh-hant	大舌貝
zh-hant	大舌頭
zh-hant	大蔥鴨
zh-hant	大針蜂
zh-hant	大鉗蟹
zh-hant	大鋼蛇
zh-hant	大電海燕
zh-hant	大顎蟻
zh-hant	大食花
zh-hant	天然雀
zh-hant	天然鳥
zh-hant	天秤偶
zh-hant	天罩蟲
zh-hant	天蠍
zh-hant	天蠍王
zh-hant	太古盔甲
zh-hant	太古羽蟲
zh-hant	太樂巴戈斯
zh-hant	太陽伊布
zh-hant	太陽岩
zh-hant	太陽珊瑚
zh-hant	奇諾栗鼠
zh-hant	奇魯莉安
zh-hant	奇麒麟
zh-hant	奈克洛茲瑪
zh-hant	奧利瓦
zh-hant	奧利紐
zh-hant	好勝毛蟹
zh-hant	好勝蟹
zh-hant	好啦魷
zh-hant	好壞星
zh-hant	妖火紅狐
zh-hant	妙喵
zh-hant	妙蛙種子
zh-hant	妙蛙花
zh-hant	妙蛙草
zh-hant	姆克兒
zh-hant	姆克鳥
zh-hant	姆克鷹
zh-hant	始祖大鳥
zh-hant	始祖小鳥
zh-hant	安瓢蟲
zh-hant	密勒頓
zh-hant	寶包繭
zh-hant	寶寶丁
zh-hant	寶寶暴龍
zh-hant	寶石海星
zh-hant	寶貝龍
zh-hant	小仙奶
zh-hant	小卡比獸
zh-hant	小嘴蝸
zh-hant	小小象
zh-hant	小山豬
zh-hant	小拉達
zh-hant	小拳石
zh-hant	小木靈
zh-hant	小果然
zh-hant	小海獅
zh-hant	小火焰猴
zh-hant	小火馬
zh-hant	小火龍
zh-hant	小灰怪
zh-hant	小炭仔
zh-hant	小獅獅
zh-hant	小球飛魚
zh-hant	小碎鑽
zh-hant	小磁怪
zh-hant	小福蛋
zh-hant	小箭雀
zh-hant	小篤兒
zh-hant	小約克
zh-hant	小貓怪
zh-hant	小鋸鱷
zh-hant	小鍛匠
zh-hant	小隕星
zh-hant	尖牙籠
zh-hant	尖牙陸鯊
zh-hant	尼多力諾
zh-hant	尼多后
zh-hant	尼多娜
zh-hant	尼多朗
zh-hant	尼多王
zh-hant	尼多蘭
zh-hant	尾立
zh-hant	屬性：空
zh-hant	岩殿居蟹
zh-hant	岩狗狗
zh-hant	巧鍛匠
zh-hant	巨沼怪
zh-hant	巨炭山
zh-hant	巨牙鯊
zh-hant	巨石丁
zh-hant	巨翅飛魚
zh-hant	巨蔓藤
zh-hant	巨金怪
zh-hant	巨鉗螳螂
zh-hant	巨鉗蟹
zh-hant	巨鍛匠
zh-hant	差不多娃娃
zh-hant	巴大蝶
zh-hant	巴布土撥
zh-hant	布土撥
zh-hant	布撥
zh-hant	布莉姆溫
zh-hant	布里卡隆
zh-hant	布魯
zh-hant	布魯皇
zh-hant	帕奇利茲
zh-hant	帕路奇亞
zh-hant	帝牙海獅
zh-hant	帝牙盧卡
zh-hant	帝王拿波
zh-hant	師父鼬
zh-hant	席多藍恩
zh-hant	幕下力士
zh-hant	幸福蛋
zh-hant	幼基拉斯
zh-hant	幼棉棉
zh-hant	幽尾玄魚
zh-hant	幾何雪花
zh-hant	引夢貘人
zh-hant	弱丁魚
zh-hant	強顎雞母蟲
zh-hant	彩粉蝶
zh-hant	彷徨夜靈
zh-hant	心蝙蝠
zh-hant	心鱗寶
zh-hant	快拳郎
zh-hant	快龍
zh-hant	念力土偶
zh-hant	怒鸚哥
zh-hant	怖思壺
zh-hant	怖納噬草
zh-hant	急凍鳥
zh-hant	怨影娃娃
zh-hant	怪力
zh-hant	怪顎龍
zh-hant	恰雷姆
zh-hant	惡食大王
zh-hant	愛吃豚
zh-hant	愛心魚
zh-hant	愛管侍
zh-hant	懶人獺
zh-hant	戟脊龍
zh-hant	戰槌龍
zh-hant	戰舞郎
zh-hant	戴魯比
zh-hant	戽斗尖梭
zh-hant	扒手貓
zh-hant	打擊鬼
zh-hant	托戈德瑪爾
zh-hant	投摔鬼
zh-hant	投擲猴
zh-hant	投羽梟
zh-hant	拉帝亞斯
zh-hant	拉帝歐斯
zh-hant	拉普拉斯
zh-hant	拉達
zh-hant	拉魯拉絲
zh-hant	拖拖蚓
zh-hant	拳拳蛸
zh-hant	拳海參
zh-hant	振翼髮
zh-hant	捲捲耳
zh-hant	捷克羅姆
zh-hant	捷拉奧拉
zh-hant	掘地兔
zh-hant	掘掘兔
zh-hant	探探鼠
zh-hant	提布莉姆
zh-hant	搖籃百合
zh-hant	搗蛋小妖
zh-hant	搬運小匠
zh-hant	摔角鷹人
zh-hant	摩托蜥
zh-hant	摩魯蛾
zh-hant	操陷蛛
zh-hant	故勒頓
zh-hant	敏捷蟲
zh-hant	敗露球菇
zh-hant	敲音猴
zh-hant	斑斑馬
zh-hant	斗笠菇
zh-hant	斧牙龍
zh-hant	斯魔茶
zh-hant	新葉喵
zh-hant	時拉比
zh-hant	晃晃斑
zh-hant	普隆隆姆
zh-hant	晶光花
zh-hant	晶光芽
zh-hant	智揮猩
zh-hant	暖暖豬
zh-hant	暴噬龜
zh-hant	暴雪王
zh-hant	暴飛龍
zh-hant	暴鯉龍
zh-hant	月亮伊布
zh-hant	月月熊
zh-hant	月桂葉
zh-hant	月石
zh-hant	朝北鼻
zh-hant	木守宮
zh-hant	木木梟
zh-hant	木棉球
zh-hant	未知圖騰
zh-hant	朽木妖
zh-hant	杖尾鱗甲龍
zh-hant	東施喵
zh-hant	果然翁
zh-hant	桃歹郎
zh-hant	棄世猴
zh-hant	森林蜥蜴
zh-hant	椰蛋樹
zh-hant	榛果球
zh-hant	樂天河童
zh-hant	樹才怪
zh-hant	樹枕尾熊
zh-hant	樹林龜
zh-hant	橡實果
zh-hant	櫻花兒
zh-hant	櫻花寶
zh-hant	櫻花魚
zh-hant	正電拍拍
zh-hant	步哨鼠
zh-hant	武道熊師
zh-hant	死神板
zh-hant	死神棺
zh-hant	毒刺水母
zh-hant	毒粉蛾
zh-hant	毒薔薇
zh-hant	毒藻龍
zh-hant	毒貝比
zh-hant	毒電嬰
zh-hant	毒骷蛙
zh-hant	比克提尼
zh-hant	比比鳥
zh-hant	毛崖蟹
zh-hant	毛毛角羊
zh-hant	毛球
zh-hant	毛辮羊
zh-hant	毛頭小鷹
zh-hant	毽子棉
zh-hant	毽子花
zh-hant	毽子草
zh-hant	水伊布
zh-hant	水君
zh-hant	水晶燈火靈
zh-hant	水水獺
zh-hant	水箭龜
zh-hant	水躍魚
zh-hant	沙丘娃
zh-hant	沙包蛇
zh-hant	沙基拉斯
zh-hant	沙奈朵
zh-hant	沙河馬
zh-hant	沙漠蜻蜓
zh-hant	沙螺蟒
zh-hant	沙鈴仙人掌
zh-hant	沙鐵皮
zh-hant	河馬獸
zh-hant	沼王
zh-hant	沼躍魚
zh-hant	泡沫栗鼠
zh-hant	波克基古
zh-hant	波克基斯
zh-hant	波克比
zh-hant	波加曼
zh-hant	波士可多拉
zh-hant	波普海豚
zh-hant	波波
zh-hant	波爾凱尼恩
zh-hant	波皇子
zh-hant	波盪水
zh-hant	泥偶小人
zh-hant	泥偶巨人
zh-hant	泥巴魚
zh-hant	泥泥鰍
zh-hant	泥驢仔
zh-hant	泳圈鼬
zh-hant	洛奇亞
zh-hant	洛托姆
zh-hant	派拉斯
zh-hant	派拉斯特
zh-hant	流氓熊貓
zh-hant	流氓鱷
zh-hant	浩大鯨
zh-hant	浮潛鼬
zh-hant	海兔獸
zh-hant	海刺龍
zh-hant	海地鼠
zh-hant	海星星
zh-hant	海豚俠
zh-hant	海豹球
zh-hant	海魔獅
zh-hant	涼脊龍
zh-hant	淚眼蜥
zh-hant	混混鱷
zh-hant	湧躍鴨
zh-hant	溜溜糖球
zh-hant	溶食獸
zh-hant	滋汁鼴
zh-hant	滑滑小子
zh-hant	滴蛛
zh-hant	滴蛛霸
zh-hant	滾滾蝙蝠
zh-hant	潤水鴨
zh-hant	火伊布
zh-hant	火岩鼠
zh-hant	火恐龍
zh-hant	火斑喵
zh-hant	火炎獅
zh-hant	火焰雞
zh-hant	火焰鳥
zh-hant	火爆猴
zh-hant	火爆獸
zh-hant	火狐狸
zh-hant	火球鼠
zh-hant	火神蛾
zh-hant	火稚雞
zh-hant	火箭雀
zh-hant	火紅不倒翁
zh-hant	灰塵山
zh-hant	炎兔兒
zh-hant	炎帝
zh-hant	炎武王
zh-hant	炎熱喵
zh-hant	炒炒豬
zh-hant	炙燙鱷
zh-hant	炭小侍
zh-hant	烈咬陸鯊
zh-hant	烈焰猴
zh-hant	烈焰馬
zh-hant	烈空坐
zh-hant	烈箭鷹
zh-hant	烈腿蝗
zh-hant	烈雀
zh-hant	烏波
zh-hant	烏賊王
zh-hant	烏鴉頭頭
zh-hant	焚焰蚣
zh-hant	無極汰那
zh-hant	無殼海兔
zh-hant	無畏小子
zh-hant	焰后蜥
zh-hant	煤炭龜
zh-hant	熊寶寶
zh-hant	熊徒弟
zh-hant	熔岩蝸牛
zh-hant	熔岩蟲
zh-hant	熔蟻獸
zh-hant	熱帶龍
zh-hant	熱辣娃
zh-hant	熾焰咆哮虎
zh-hant	燃燒蟲
zh-hant	燈火幽靈
zh-hant	燈籠魚
zh-hant	燈罩夜菇
zh-hant	燒火蚣
zh-hant	燭光靈
zh-hant	爆炸頭水牛
zh-hant	爆焰龜獸
zh-hant	爆肌蚊
zh-hant	爆音怪
zh-hant	爆香猴
zh-hant	爆香猿
zh-hant	爬地翅
zh-hant	牙牙
zh-hant	狂歡浪舞鴨
zh-hant	狃拉
zh-hant	狐大盜
zh-hant	狗仔包
zh-hant	狙射樹梟
zh-hant	狠辣椒
zh-hant	狡猾天狗
zh-hant	狩獵鳳蝶
zh-hant	猛惡菇
zh-hant	猛火猴
zh-hant	猛雷鼓
zh-hant	猴怪
zh-hant	獒教父
zh-hant	獨劍鞘
zh-hant	獨角犀牛
zh-hant	獨角蟲
zh-hant	獵斑魚
zh-hant	珍珠貝
zh-hant	班基拉斯
zh-hant	球球海獅
zh-hant	瑪力露
zh-hant	瑪力露麗
zh-hant	瑪夏多
zh-hant	瑪機雅娜
zh-hant	瑪沙那
zh-hant	瑪狃拉
zh-hant	瑪瑙水母
zh-hant	瑪納霏
zh-hant	瓦斯彈
zh-hant	甜冷美后
zh-hant	甜甜螢
zh-hant	甜竹竹
zh-hant	甜舞妮
zh-hant	由克希
zh-hant	甲殼繭
zh-hant	甲殼龍
zh-hant	甲賀忍蛙
zh-hant	畢力吉翁
zh-hant	白海獅
zh-hant	白蓬蓬
zh-hant	百合根娃娃
zh-hant	百變怪
zh-hant	百足蜈蚣
zh-hant	皮丘
zh-hant	皮卡丘
zh-hant	皮可西
zh-hant	皮寶寶
zh-hant	皮皮
zh-hant	盆才怪
zh-hant	盔甲鳥
zh-hant	直衝熊
zh-hant	盾甲繭
zh-hant	盾甲龍
zh-hant	眷戀雲
zh-hant	睡睡菇
zh-hant	石丸子
zh-hant	石居蟹
zh-hant	砰頭小丑
zh-hant	破破舵輪
zh-hant	破破袋
zh-hant	破空焰
zh-hant	磨牙彩皮魚
zh-hant	禿鷹丫頭
zh-hant	禿鷹娜
zh-hant	科斯莫古
zh-hant	科斯莫姆
zh-hant	稚山雀
zh-hant	種子鐵球
zh-hant	穿山王
zh-hant	穿山鼠
zh-hant	穿著熊
zh-hant	章魚桶
zh-hant	童偶熊
zh-hant	米立龍
zh-hant	粉蝶蛹
zh-hant	粉蝶蟲
zh-hant	粉香香
zh-hant	紅蓮鎧騎
zh-hant	納噬草
zh-hant	紙御劍
zh-hant	索偵蟲
zh-hant	索爾迦雷歐
zh-hant	索羅亞
zh-hant	索羅亞克
zh-hant	索財靈
zh-hant	紳士蛾
zh-hant	結草兒
zh-hant	結草貴婦
zh-hant	綠毛蟲
zh-hant	綿綿泡芙
zh-hant	纏紅鶴
zh-hant	羅絲雷朵
zh-hant	美洛耶塔
zh-hant	美納斯
zh-hant	美錄坦
zh-hant	美錄梅塔
zh-hant	美麗花
zh-hant	老翁龍
zh-hant	耿鬼
zh-hant	聒噪鳥
zh-hant	肋骨海龜
zh-hant	肯泰羅
zh-hant	胖丁
zh-hant	胖可丁
zh-hant	胖嘟嘟
zh-hant	胖甜妮
zh-hant	胖胖哈力
zh-hant	胡地
zh-hant	胡帕
zh-hant	脫殼忍者
zh-hant	腕力
zh-hant	膽小蟲
zh-hant	自爆磁怪
zh-hant	臭泥
zh-hant	臭臭泥
zh-hant	臭臭花
zh-hant	臭鼬噗
zh-hant	舞天鵝
zh-hant	艾姆利多
zh-hant	艾路雷朵
zh-hant	芭瓢蟲
zh-hant	花岩怪
zh-hant	花椰猴
zh-hant	花椰猿
zh-hant	花漾海獅
zh-hant	花潔夫人
zh-hant	花療環環
zh-hant	花舞鳥
zh-hant	花葉蒂
zh-hant	花蓓蓓
zh-hant	芳香精
zh-hant	茸茸羊
zh-hant	草苗龜
zh-hant	莫魯貝可
zh-hant	菊石獸
zh-hant	菊草葉
zh-hant	萊希拉姆
zh-hant	萌芽鹿
zh-hant	萌虻
zh-hant	萬針魚
zh-hant	落雷獸
zh-hant	葉伊布
zh-hant	蒂安希
zh-hant	蒂蕾喵
zh-hant	蒼炎刃鬼
zh-hant	蒼響
zh-hant	蓋歐卡
zh-hant	蓋蓋蟲
zh-hant	蓋諾賽克特
zh-hant	蓮帽小童
zh-hant	蓮葉童子
zh-hant	蔓藤怪
zh-hant	蔥遊兵
zh-hant	蕾冠王
zh-hant	薩戮德
zh-hant	藍蟾蜍
zh-hant	藍鱷
zh-hant	藍鴉
zh-hant	藏瑪然特
zh-hant	藏飽栗鼠
zh-hant	藤藤蛇
zh-hant	蘋裹龍
zh-hant	蘑蘑菇
zh-hant	蘭螳花
zh-hant	虛吾伊德
zh-hant	蚊香君
zh-hant	蚊香泳士
zh-hant	蚊香蛙皇
zh-hant	蚊香蝌蚪
zh-hant	蛇紋熊
zh-hant	蛋蛋
zh-hant	蜂女王
zh-hant	蜈蚣王
zh-hant	蜜集大蛇
zh-hant	蜥蜴王
zh-hant	蜻蜻蜓
zh-hant	蝶結萌虻
zh-hant	螢光魚
zh-hant	螺釘地鼠
zh-hant	蟲寶包
zh-hant	蟲滾泥
zh-hant	蟲甲聖
zh-hant	蟲電寶
zh-hant	蟾蜍王
zh-hant	袋獸
zh-hant	裙兒小姐
zh-hant	裹蜜蟲
zh-hant	西獅海壬
zh-hant	角金魚
zh-hant	觸手百合
zh-hant	詐唬魔
zh-hant	詛咒娃娃
zh-hant	詭角鹿
zh-hant	請假王
zh-hant	謎擬Ｑ
zh-hant	謝米
zh-hant	護城龍
zh-hant	變澀蜥
zh-hant	變隱龍
zh-hant	豆蟋蟀
zh-hant	豆豆鴿
zh-hant	豐蜜龍
zh-hant	象徵鳥
zh-hant	象牙豬
zh-hant	豪力
zh-hant	貓老大
zh-hant	貓頭夜鷹
zh-hant	貓鼬少
zh-hant	貓鼬探長
zh-hant	貓鼬斬
zh-hant	負電拍拍
zh-hant	貪心栗鼠
zh-hant	費洛美螂
zh-hant	賽富豪
zh-hant	赤面龍
zh-hant	赫拉克羅斯
zh-hant	走路草
zh-hant	走鯨
zh-hant	超壞星
zh-hant	超夢
zh-hant	超甲狂犀
zh-hant	超能妙喵
zh-hant	超能艷鴕
zh-hant	超音波幼蟲
zh-hant	超音蝠
zh-hant	路卡利歐
zh-hant	跳跳豬
zh-hant	踏冰人偶
zh-hant	車輪毬
zh-hant	輕身鱈
zh-hant	輕飄飄
zh-hant	轟擂金剛猩
zh-hant	轟鳴月
zh-hant	迷你冰
zh-hant	迷你芙
zh-hant	迷你龍
zh-hant	迷唇姐
zh-hant	迷唇娃
zh-hant	迷布莉姆
zh-hant	逐電犬
zh-hant	過動猿
zh-hant	達克萊伊
zh-hant	達摩狒狒
zh-hant	遠古巨蜓
zh-hant	酋雷姆
zh-hant	酷豹
zh-hant	醜醜魚
zh-hant	重泥挽馬
zh-hant	野蠻鱸魚
zh-hant	金屬怪
zh-hant	金魚王
zh-hant	鈴鐺響
zh-hant	鉗尾蠍
zh-hant	銀伴戰獸
zh-hant	銃嘴大鳥
zh-hant	銅象
zh-hant	銅鏡怪
zh-hant	鋁鋼橋龍
zh-hant	鋁鋼龍
zh-hant	鋼炮臂蝦
zh-hant	鋼鎧鴉
zh-hant	鍬農炮蟲
zh-hant	鐮刀盔
zh-hant	鐵包袱
zh-hant	鐵啞鈴
zh-hant	鐵掌力士
zh-hant	鐵斑葉
zh-hant	鐵武者
zh-hant	鐵殼蛹
zh-hant	鐵毒蛾
zh-hant	鐵火輝夜
zh-hant	鐵炮魚
zh-hant	鐵甲蛹
zh-hant	鐵脖頸
zh-hant	鐵臂槍蝦
zh-hant	鐵臂膀
zh-hant	鐵荊棘
zh-hant	鐵螯龍蝦
zh-hant	鐵蟻
zh-hant	鐵轍跡
zh-hant	鐵面忍者
zh-hant	鐵骨土人
zh-hant	鑰圈兒
zh-hant	鑽角犀獸
zh-hant	铁头壳
zh-hant	铁磐岩
zh-hant	長尾怪手
zh-hant	長尾火狐
zh-hant	長毛巨魔
zh-hant	長毛狗
zh-hant	長毛豬
zh-hant	長翅鷗
zh-hant	長耳兔
zh-hant	長鼻葉
zh-hant	閃焰王牌
zh-hant	閃電鳥
zh-hant	阿利多斯
zh-hant	阿勃梭魯
zh-hant	阿柏怪
zh-hant	阿柏蛇
zh-hant	阿爾宙斯
zh-hant	陸地水母
zh-hant	隆隆岩
zh-hant	隆隆石
zh-hant	隨風球
zh-hant	雄偉牙
zh-hant	雙倍多多冰
zh-hant	雙刃丸
zh-hant	雙劍鞘
zh-hant	雙卵細胞球
zh-hant	雙尾怪手
zh-hant	雙彈瓦斯
zh-hant	雙斧戰龍
zh-hant	雙首暴龍
zh-hant	雨翅蛾
zh-hant	雪吞蟲
zh-hant	雪妖女
zh-hant	雪暴馬
zh-hant	雪童子
zh-hant	雪笠怪
zh-hant	雪絨蛾
zh-hant	雷丘
zh-hant	雷伊布
zh-hant	雷公
zh-hant	雷吉奇卡斯
zh-hant	雷吉斯奇魯
zh-hant	雷吉洛克
zh-hant	雷吉艾勒奇
zh-hant	雷吉艾斯
zh-hant	雷吉鐸拉戈
zh-hant	雷電斑馬
zh-hant	雷電獸
zh-hant	雷電雲
zh-hant	雷鳥海獸
zh-hant	雷鳥龍
zh-hant	電擊怪
zh-hant	電擊獸
zh-hant	電擊魔獸
zh-hant	電束木
zh-hant	電海燕
zh-hant	電燈怪
zh-hant	電肚蛙
zh-hant	電蜘蛛
zh-hant	電螢蟲
zh-hant	電電蟲
zh-hant	電飛鼠
zh-hant	電龍
zh-hant	霏歐納
zh-hant	霓虹魚
zh-hant	霜奶仙
zh-hant	露力麗
zh-hant	露奈雅拉
zh-hant	霸王花
zh-hant	霹靂電球
zh-hant	靈幽馬
zh-hant	青綿鳥
zh-hant	青藤蛇
zh-hant	青銅鐘
zh-hant	音波龍
zh-hant	音箱蟀
zh-hant	頑皮熊貓
zh-hant	頑皮雷彈
zh-hant	頓甲
zh-hant	頭巾混混
zh-hant	頭蓋龍
zh-hant	願增猿
zh-hant	顫弦蠑螈
zh-hant	風妖精
zh-hant	風速狗
zh-hant	風鈴鈴
zh-hant	飄浮泡泡
zh-hant	飄飄球
zh-hant	飄飄雛
zh-hant	飄香豚
zh-hant	飛天螳螂
zh-hant	飛腿郎
zh-hant	食夢夢
zh-hant	飯匙蛇
zh-hant	駒刀小兵
zh-hant	騎士蝸牛
zh-hant	騎拉帝納
zh-hant	騰蹴小將
zh-hant	驚角鹿
zh-hant	骨紋巨聲鱷
zh-hant	高傲雉雞
zh-hant	鬃岩狼人
zh-hant	鬼斯
zh-hant	鬼斯通
zh-hant	魅力喵
zh-hant	魔尼尼
zh-hant	魔幻假面喵
zh-hant	魔牆人偶
zh-hant	魔靈珊瑚
zh-hant	鯉魚王
zh-hant	鯰魚王
zh-hant	鰓魚海獸
zh-hant	鰓魚龍
zh-hant	鱗甲龍
zh-hant	鳳王
zh-hant	鴨嘴寶寶
zh-hant	鴨嘴火獸
zh-hant	鴨嘴炎獸
zh-hant	鴨寶寶
zh-hant	鹽石壘
zh-hant	鹽石寶
zh-hant	鹽石巨靈
zh-hant	麒麟奇
zh-hant	麻花犬
zh-hant	麻麻小魚
zh-hant	麻麻鰻
zh-hant	麻麻鰻魚王
zh-hant	黏美兒
zh-hant	黏美龍
zh-hant	黏黏寶
zh-hant	黑夜魔靈
zh-hant	黑暗鴉
zh-hant	黑眼鱷
zh-hant	黑魯加
zh-hant	齒輪兒
zh-hant	齒輪怪
zh-hant	齒輪組
zh-hant	龍捲雲
zh-hant	龍王蠍
zh-hant	龍蝦小兵
zh-hant	龍頭地鼠
zh-hant	龐岩怪
zh-hant	龜腳腳
zh-hant	龜足巨鎧
